ply
format ascii 1.0
element vertex 2606
property float x
property float y
property float z
property uchar red
property uchar green
property uchar blue
end_header
-0.037474 -0.084536 0.438000 255 255 22
-0.036341 -0.084536 0.438000 255 252 16
-0.035127 -0.084343 0.437000 255 255 22
-0.033996 -0.084343 0.437000 255 255 52
-0.032790 -0.084150 0.436000 255 240 42
-0.039832 -0.083593 0.439000 237 201 62
-0.038608 -0.083403 0.438000 242 200 8
-0.037389 -0.083212 0.437000 255 250 20
-0.036258 -0.083212 0.437000 255 246 16
-0.035127 -0.083212 0.437000 255 255 8
-0.033996 -0.083212 0.437000 255 255 9
-0.032790 -0.083022 0.436000 248 240 19
-0.031590 -0.082832 0.435000 251 221 75
-0.040968 -0.082457 0.439000 160 145 117
-0.039741 -0.082270 0.438000 243 206 75
-0.038520 -0.082082 0.437000 248 201 18
-0.037389 -0.082082 0.437000 245 227 0
-0.036258 -0.082082 0.437000 255 237 8
-0.035127 -0.082082 0.437000 255 254 4
-0.033919 -0.081894 0.436000 250 252 0
-0.032715 -0.081706 0.435000 255 255 21
-0.031590 -0.081706 0.435000 235 213 48
-0.040968 -0.081321 0.439000 132 130 109
-0.039741 -0.081136 0.438000 233 196 81
-0.038520 -0.080951 0.437000 255 222 39
-0.037303 -0.080766 0.436000 251 228 0
-0.036175 -0.080766 0.436000 252 254 0
-0.035047 -0.080766 0.436000 254 255 2
-0.033919 -0.080766 0.436000 254 255 0
-0.032715 -0.080580 0.435000 252 253 15
-0.031517 -0.080395 0.434000 255 255 53
-0.040968 -0.080185 0.439000 106 116 104
-0.039741 -0.080003 0.438000 215 183 81
-0.038520 -0.079820 0.437000 247 205 13
-0.037303 -0.079638 0.436000 255 243 8
-0.036175 -0.079638 0.436000 254 255 2
-0.035047 -0.079638 0.436000 254 255 4
-0.033841 -0.079455 0.435000 255 255 7
-0.032640 -0.079272 0.434000 255 255 41
-0.031517 -0.079272 0.434000 255 255 55
-0.030324 -0.079090 0.433000 226 200 74
-0.029204 -0.079090 0.433000 179 153 27
-0.028083 -0.079090 0.433000 119 102 77
0.001110 -0.083839 0.459000 62 81 81
-0.040874 -0.078869 0.438000 101 103 94
-0.039650 -0.078689 0.437000 211 176 80
-0.038431 -0.078509 0.436000 252 210 21
-0.037218 -0.078329 0.435000 255 252 12
-0.036092 -0.078329 0.435000 254 255 0
-0.034966 -0.078329 0.435000 254 255 0
-0.033763 -0.078149 0.434000 255 255 25
-0.032565 -0.077969 0.433000 255 255 69
-0.031444 -0.077969 0.433000 253 254 57
-0.030254 -0.077789 0.432000 251 235 46
-0.028018 -0.077789 0.432000 117 101 28
-0.041912 -0.077559 0.437000 74 69 51
-0.040781 -0.077559 0.437000 78 73 55
-0.039560 -0.077381 0.436000 209 174 87
-0.038343 -0.077204 0.435000 251 212 22
-0.037218 -0.077204 0.435000 255 248 5
-0.036092 -0.077204 0.435000 254 255 0
-0.034886 -0.077026 0.434000 254 255 0
-0.033685 -0.076849 0.433000 255 255 20
-0.032490 -0.076671 0.432000 255 255 57
-0.031372 -0.076671 0.432000 255 255 59
-0.030184 -0.076494 0.431000 255 255 56
-0.027953 -0.076494 0.431000 144 124 18
-0.026901 -0.076671 0.432000 98 104 87
-0.001257 -0.080931 0.456000 74 86 88
-0.000077 -0.081108 0.457000 67 84 85
-0.041816 -0.076253 0.436000 76 67 48
-0.040688 -0.076253 0.436000 75 66 47
-0.039469 -0.076078 0.435000 193 161 67
-0.038343 -0.076078 0.435000 248 210 15
-0.037132 -0.075903 0.434000 255 240 1
-0.036009 -0.075903 0.434000 254 255 0
-0.034806 -0.075728 0.433000 254 255 0
-0.033607 -0.075553 0.432000 255 255 8
-0.032414 -0.075379 0.431000 255 255 40
-0.031299 -0.075379 0.431000 254 255 43
-0.030114 -0.075204 0.430000 252 246 24
-0.029001 -0.075204 0.430000 250 244 22
-0.027889 -0.075204 0.430000 191 168 0
-0.007094 -0.079051 0.452000 62 79 82
-0.003601 -0.079401 0.454000 71 85 89
-0.002431 -0.079576 0.455000 67 84 85
-0.001257 -0.079751 0.456000 63 80 81
-0.000077 -0.079926 0.457000 67 84 85
-0.040594 -0.074953 0.435000 90 69 54
-0.039469 -0.074953 0.435000 206 165 60
-0.038255 -0.074780 0.434000 255 213 17
-0.037047 -0.074608 0.433000 255 238 5
-0.035926 -0.074608 0.433000 255 250 2
-0.034725 -0.074436 0.432000 255 248 0
-0.033530 -0.074263 0.431000 254 253 0
-0.032339 -0.074091 0.430000 254 255 2
-0.031227 -0.074091 0.430000 254 255 2
-0.030044 -0.073919 0.429000 255 255 12
-0.028934 -0.073919 0.429000 246 243 0
-0.027824 -0.073919 0.429000 225 204 0
-0.007094 -0.077882 0.452000 62 76 80
-0.005924 -0.077882 0.452000 61 75 79
-0.004765 -0.078054 0.453000 66 80 84
-0.003601 -0.078226 0.454000 65 79 83
-0.002426 -0.078226 0.454000 64 78 82
-0.001254 -0.078399 0.455000 64 81 84
-0.061220 -0.071621 0.422000 67 72 81
-0.060413 -0.071960 0.424000 65 70 79
-0.041528 -0.073487 0.433000 84 64 42
-0.040408 -0.073487 0.433000 78 58 36
-0.039287 -0.073487 0.433000 199 158 53
-0.038079 -0.073318 0.432000 255 213 18
-0.036875 -0.073148 0.431000 250 227 0
-0.035760 -0.073148 0.431000 255 248 3
-0.034645 -0.073148 0.431000 255 245 0
-0.033374 -0.072809 0.429000 255 250 2
-0.032264 -0.072809 0.429000 255 253 1
-0.031154 -0.072809 0.429000 255 255 2
-0.029974 -0.072639 0.428000 255 251 4
-0.028866 -0.072639 0.428000 246 242 0
-0.027759 -0.072639 0.428000 238 218 0
-0.008245 -0.076542 0.451000 54 71 72
-0.007078 -0.076542 0.451000 59 76 77
-0.005924 -0.076712 0.452000 57 74 75
-0.004754 -0.076712 0.452000 64 81 82
-0.003593 -0.076882 0.453000 78 92 94
-0.002426 -0.077052 0.454000 64 78 80
-0.001254 -0.077221 0.455000 63 80 81
-0.062953 -0.070027 0.419000 70 65 75
-0.062312 -0.070529 0.422000 71 66 76
-0.059876 -0.071531 0.428000 68 73 82
-0.059043 -0.071866 0.430000 70 75 82
-0.058334 -0.072367 0.433000 72 75 78
-0.041336 -0.072033 0.431000 89 63 34
-0.040221 -0.072033 0.431000 178 137 20
-0.039106 -0.072033 0.431000 224 183 66
-0.037991 -0.072033 0.431000 255 219 15
-0.036790 -0.071866 0.430000 252 227 0
-0.035677 -0.071866 0.430000 255 246 4
-0.034484 -0.071699 0.429000 254 247 0
-0.033296 -0.071531 0.428000 255 252 4
-0.032189 -0.071531 0.428000 255 255 6
-0.031081 -0.071531 0.428000 250 251 4
-0.029904 -0.071364 0.427000 252 253 4
-0.028799 -0.071364 0.427000 246 231 10
-0.027694 -0.071364 0.427000 247 232 11
-0.023000 -0.074038 0.443000 77 93 84
-0.022051 -0.074707 0.447000 76 92 83
-0.020895 -0.074707 0.447000 73 89 80
-0.019738 -0.074707 0.447000 71 89 83
-0.018623 -0.074874 0.448000 72 90 84
-0.017464 -0.074874 0.448000 70 88 84
-0.016305 -0.074874 0.448000 68 86 82
-0.015145 -0.074874 0.448000 70 88 86
-0.013986 -0.074874 0.448000 70 85 84
-0.012827 -0.074874 0.448000 68 81 78
-0.011694 -0.075041 0.449000 69 82 79
-0.010532 -0.075041 0.449000 79 92 89
-0.009391 -0.075208 0.450000 66 86 83
-0.008227 -0.075208 0.450000 66 86 83
-0.007078 -0.075375 0.451000 58 78 75
-0.005924 -0.075543 0.452000 56 76 73
-0.004754 -0.075543 0.452000 62 81 81
-0.003593 -0.075710 0.453000 67 84 85
-0.002421 -0.075710 0.453000 62 79 80
-0.001251 -0.075877 0.454000 63 82 82
-0.068522 -0.066969 0.407000 104 96 93
-0.067801 -0.067298 0.409000 85 81 82
-0.067069 -0.067627 0.411000 89 85 86
-0.066327 -0.067956 0.413000 113 100 89
-0.065416 -0.068120 0.414000 125 112 101
-0.064656 -0.068449 0.416000 131 109 85
-0.064038 -0.068943 0.419000 122 104 93
-0.063404 -0.069437 0.422000 86 68 57
-0.062608 -0.069766 0.424000 67 62 70
-0.061126 -0.070588 0.429000 64 69 76
-0.060295 -0.070918 0.431000 70 75 82
-0.059317 -0.071082 0.432000 64 71 75
-0.058604 -0.071576 0.435000 62 68 66
-0.057610 -0.071740 0.436000 103 111 108
-0.041240 -0.070753 0.430000 117 78 17
-0.040128 -0.070753 0.430000 232 187 33
-0.039015 -0.070753 0.430000 255 213 59
-0.037902 -0.070753 0.430000 255 226 9
-0.036704 -0.070588 0.429000 255 238 0
-0.035594 -0.070588 0.429000 255 253 2
-0.034404 -0.070424 0.428000 255 251 3
-0.033218 -0.070259 0.427000 255 252 4
-0.032114 -0.070259 0.427000 255 255 7
-0.031009 -0.070259 0.427000 255 255 10
-0.029834 -0.070095 0.426000 253 255 8
-0.028732 -0.070095 0.426000 255 255 22
-0.027629 -0.070095 0.426000 242 236 1
-0.026589 -0.070259 0.427000 226 198 0
-0.022896 -0.072563 0.441000 79 91 81
-0.021903 -0.073057 0.444000 79 93 84
-0.020801 -0.073221 0.445000 76 90 81
-0.019694 -0.073386 0.446000 77 93 84
-0.018581 -0.073550 0.447000 74 89 84
-0.017425 -0.073550 0.447000 69 87 81
-0.016268 -0.073550 0.447000 68 86 82
-0.015112 -0.073550 0.447000 64 82 78
-0.013955 -0.073550 0.447000 64 82 80
-0.012827 -0.073715 0.448000 67 85 83
-0.011668 -0.073715 0.448000 63 78 77
-0.010532 -0.073879 0.449000 66 81 80
-0.009370 -0.073879 0.449000 59 74 73
-0.008227 -0.074044 0.450000 56 74 72
-0.007062 -0.074044 0.450000 57 75 73
-0.005911 -0.074208 0.451000 60 80 77
-0.004744 -0.074208 0.451000 61 81 78
-0.003585 -0.074373 0.452000 61 80 80
-0.074106 -0.065268 0.403000 179 180 176
-0.073063 -0.065268 0.403000 132 133 129
-0.072199 -0.065430 0.404000 117 118 114
-0.071330 -0.065592 0.405000 88 91 90
-0.070455 -0.065753 0.406000 84 87 88
-0.069576 -0.065915 0.407000 77 76 83
-0.068859 -0.066239 0.409000 74 73 80
-0.067967 -0.066401 0.410000 98 99 95
-0.067232 -0.066725 0.412000 104 103 88
-0.066487 -0.067049 0.414000 116 104 88
-0.065732 -0.067373 0.416000 122 110 94
-0.064966 -0.067697 0.418000 115 98 82
-0.064343 -0.068183 0.421000 95 84 79
-0.063705 -0.068669 0.424000 85 74 69
-0.062903 -0.068993 0.426000 65 61 64
-0.062236 -0.069478 0.429000 58 63 68
-0.061411 -0.069802 0.431000 62 69 77
-0.060575 -0.070126 0.433000 71 78 86
-0.059729 -0.070450 0.435000 60 67 71
-0.058739 -0.070612 0.436000 67 75 74
-0.057742 -0.070774 0.437000 93 104 104
-0.056741 -0.070936 0.438000 93 104 104
-0.055608 -0.070936 0.438000 91 109 105
-0.054475 -0.070936 0.438000 95 113 111
-0.053341 -0.070936 0.438000 97 114 115
-0.052089 -0.070774 0.437000 105 122 123
-0.050725 -0.070450 0.435000 99 116 117
-0.042255 -0.069478 0.429000 88 76 58
-0.041049 -0.069316 0.428000 161 116 23
-0.040034 -0.069478 0.429000 255 218 47
-0.038834 -0.069316 0.428000 251 209 38
-0.037726 -0.069316 0.428000 255 232 6
-0.036619 -0.069316 0.428000 255 252 6
-0.035428 -0.069155 0.427000 255 255 2
-0.034243 -0.068993 0.426000 254 255 0
-0.033141 -0.068993 0.426000 254 255 0
-0.032038 -0.068993 0.426000 255 255 7
-0.030936 -0.068993 0.426000 255 255 15
-0.029834 -0.068993 0.426000 255 255 14
-0.028732 -0.068993 0.426000 255 255 14
-0.027629 -0.068993 0.426000 255 255 15
-0.026527 -0.068993 0.426000 246 238 0
-0.021854 -0.071746 0.443000 80 92 82
-0.020754 -0.071908 0.444000 79 91 81
-0.019650 -0.072070 0.445000 81 100 90
-0.018540 -0.072232 0.446000 78 97 87
-0.017425 -0.072394 0.447000 69 87 81
-0.016268 -0.072394 0.447000 67 82 79
-0.015112 -0.072394 0.447000 66 81 78
-0.013955 -0.072394 0.447000 65 80 77
-0.012798 -0.072394 0.447000 62 80 78
-0.011668 -0.072556 0.448000 60 78 76
-0.010508 -0.072556 0.448000 60 78 76
-0.009370 -0.072718 0.449000 57 75 73
-0.008208 -0.072718 0.449000 59 73 75
-0.007046 -0.072718 0.449000 59 73 75
-0.005911 -0.073041 0.451000 64 83 83
-0.004744 -0.073041 0.451000 66 85 85
-0.003577 -0.073041 0.451000 100 118 116
-0.076002 -0.064065 0.402000 129 124 120
-0.075148 -0.064225 0.403000 114 111 108
-0.074290 -0.064384 0.404000 98 97 101
-0.073244 -0.064384 0.404000 83 88 97
-0.072378 -0.064544 0.405000 79 84 93
-0.071506 -0.064703 0.406000 77 82 91
-0.070629 -0.064862 0.407000 69 75 86
-0.069917 -0.065181 0.409000 71 78 86
-0.069027 -0.065340 0.410000 68 75 83
-0.068298 -0.065659 0.412000 101 101 97
-0.067558 -0.065978 0.414000 109 102 83
-0.066808 -0.066297 0.416000 116 102 83
-0.066048 -0.066615 0.418000 117 103 84
-0.065433 -0.067093 0.421000 112 100 82
-0.064649 -0.067412 0.423000 97 89 86
-0.064005 -0.067890 0.426000 71 63 60
-0.063346 -0.068368 0.429000 65 61 64
-0.062526 -0.068687 0.431000 57 62 67
-0.061696 -0.069006 0.433000 58 68 73
-0.060715 -0.069165 0.434000 57 67 72
-0.059867 -0.069484 0.436000 59 66 72
-0.058873 -0.069643 0.437000 63 71 70
-0.057875 -0.069803 0.438000 94 109 108
-0.056741 -0.069803 0.438000 95 110 109
-0.055608 -0.069803 0.438000 93 108 107
-0.054475 -0.069803 0.438000 96 109 108
-0.053219 -0.069643 0.437000 103 116 115
-0.051969 -0.069484 0.436000 99 114 113
-0.050725 -0.069325 0.435000 101 116 115
-0.049371 -0.069006 0.433000 99 114 113
-0.043162 -0.068050 0.427000 100 104 99
-0.042058 -0.068050 0.427000 189 160 96
-0.040953 -0.068050 0.427000 246 208 58
-0.039848 -0.068050 0.427000 250 223 8
-0.038743 -0.068050 0.427000 255 230 15
-0.037638 -0.068050 0.427000 255 250 4
-0.036448 -0.067890 0.426000 254 255 0
-0.035345 -0.067890 0.426000 254 255 0
-0.034243 -0.067890 0.426000 254 255 0
-0.033063 -0.067731 0.425000 254 255 0
-0.031963 -0.067731 0.425000 255 255 7
-0.030863 -0.067731 0.425000 255 255 17
-0.029764 -0.067731 0.425000 255 255 16
-0.028664 -0.067731 0.425000 255 255 20
-0.027564 -0.067731 0.425000 253 255 14
-0.026527 -0.067890 0.426000 250 250 10
-0.021805 -0.070440 0.442000 87 92 82
-0.020754 -0.070759 0.444000 85 90 80
-0.019650 -0.070918 0.445000 82 96 85
-0.018540 -0.071078 0.446000 78 94 83
-0.017386 -0.071078 0.446000 72 87 82
-0.016268 -0.071237 0.447000 69 84 81
-0.015112 -0.071237 0.447000 66 81 78
-0.013955 -0.071237 0.447000 62 77 74
-0.012798 -0.071237 0.447000 62 77 76
-0.011642 -0.071237 0.447000 59 77 75
-0.010508 -0.071396 0.448000 57 75 73
-0.009349 -0.071396 0.448000 60 78 76
-0.008208 -0.071556 0.449000 60 78 76
-0.007046 -0.071556 0.449000 62 77 76
-0.005885 -0.071556 0.449000 68 80 82
-0.004733 -0.071715 0.450000 78 90 92
-0.003577 -0.071874 0.451000 82 93 93
-0.088857 -0.062555 0.399000 240 255 255
-0.087824 -0.062555 0.399000 243 255 255
-0.086792 -0.062555 0.399000 248 255 255
-0.085759 -0.062555 0.399000 248 255 255
-0.084939 -0.062712 0.400000 242 248 246
-0.083904 -0.062712 0.400000 233 239 237
-0.082869 -0.062712 0.400000 214 217 216
-0.081834 -0.062712 0.400000 187 188 184
-0.081001 -0.062868 0.401000 179 180 176
-0.079964 -0.062868 0.401000 152 152 154
-0.079123 -0.063025 0.402000 142 138 141
-0.078083 -0.063025 0.402000 115 115 115
-0.077234 -0.063182 0.403000 105 105 105
-0.076191 -0.063182 0.403000 88 88 88
-0.075335 -0.063339 0.404000 81 83 89
-0.074473 -0.063496 0.405000 69 74 83
-0.073607 -0.063652 0.406000 70 75 84
-0.072735 -0.063809 0.407000 68 77 87
-0.071858 -0.063966 0.408000 63 74 85
-0.070976 -0.064123 0.409000 63 73 87
-0.070259 -0.064436 0.411000 61 71 85
-0.069364 -0.064593 0.412000 58 71 82
-0.068630 -0.064907 0.414000 92 92 88
-0.067885 -0.065220 0.416000 109 104 86
-0.067130 -0.065534 0.418000 99 94 76
-0.066364 -0.065847 0.420000 107 100 81
-0.065588 -0.066161 0.422000 87 85 77
-0.064955 -0.066631 0.425000 65 64 66
-0.064306 -0.067102 0.428000 66 65 67
-0.063493 -0.067415 0.430000 62 62 64
-0.062671 -0.067729 0.432000 60 63 66
-0.061838 -0.068042 0.434000 60 66 66
-0.060855 -0.068199 0.435000 57 63 63
-0.060004 -0.068513 0.437000 62 68 66
-0.059008 -0.068669 0.438000 75 79 74
-0.057875 -0.068669 0.438000 93 108 103
-0.056741 -0.068669 0.438000 105 120 115
-0.055608 -0.068669 0.438000 101 116 113
-0.054350 -0.068513 0.437000 97 112 111
-0.053098 -0.068356 0.436000 99 114 113
-0.051850 -0.068199 0.435000 98 113 112
-0.050608 -0.068042 0.434000 97 112 111
-0.044164 -0.066788 0.426000 116 102 87
-0.043061 -0.066788 0.426000 147 133 118
-0.041959 -0.066788 0.426000 245 207 112
-0.040857 -0.066788 0.426000 255 233 53
-0.039755 -0.066788 0.426000 249 232 0
-0.038652 -0.066788 0.426000 255 253 1
-0.037550 -0.066788 0.426000 255 254 2
-0.036448 -0.066788 0.426000 254 255 0
-0.035345 -0.066788 0.426000 254 255 0
-0.034163 -0.066631 0.425000 254 255 0
-0.032985 -0.066474 0.424000 254 255 0
-0.031963 -0.066631 0.425000 255 255 5
-0.030863 -0.066631 0.425000 255 255 13
-0.029694 -0.066474 0.424000 255 255 17
-0.028664 -0.066631 0.425000 255 255 21
-0.027564 -0.066631 0.425000 254 255 19
-0.026465 -0.066631 0.425000 248 251 13
-0.024608 -0.067572 0.431000 255 232 21
-0.023711 -0.068199 0.435000 243 219 8
-0.020708 -0.069453 0.443000 107 92 62
-0.019606 -0.069610 0.444000 85 90 78
-0.018498 -0.069767 0.445000 79 89 77
-0.017386 -0.069924 0.446000 74 86 78
-0.016232 -0.069924 0.446000 70 81 79
-0.015078 -0.069924 0.446000 68 79 77
-0.013924 -0.069924 0.446000 65 76 76
-0.012798 -0.070080 0.447000 64 77 76
-0.011642 -0.070080 0.447000 64 79 78
-0.010485 -0.070080 0.447000 57 72 71
-0.009349 -0.070237 0.448000 57 75 73
-0.008190 -0.070237 0.448000 63 78 77
-0.007046 -0.070394 0.449000 65 78 77
-0.005885 -0.070394 0.449000 66 79 78
-0.092753 -0.061368 0.398000 135 126 117
-0.091954 -0.061522 0.399000 137 128 123
-0.090922 -0.061522 0.399000 138 131 125
-0.089889 -0.061522 0.399000 139 132 126
-0.088857 -0.061522 0.399000 138 131 125
-0.087824 -0.061522 0.399000 136 129 123
-0.086792 -0.061522 0.399000 133 124 119
-0.085974 -0.061677 0.400000 129 120 115
-0.084939 -0.061677 0.400000 117 110 104
-0.083904 -0.061677 0.400000 106 103 100
-0.082869 -0.061677 0.400000 101 100 100
-0.082039 -0.061831 0.401000 84 83 85
-0.081001 -0.061831 0.401000 88 87 89
-0.080163 -0.061985 0.402000 64 67 70
-0.079320 -0.062139 0.403000 66 72 83
-0.078277 -0.062139 0.403000 68 73 89
-0.077426 -0.062293 0.404000 66 71 87
-0.076569 -0.062448 0.405000 64 73 85
-0.075708 -0.062602 0.406000 64 72 87
-0.074841 -0.062756 0.407000 61 71 87
-0.073788 -0.062756 0.407000 59 69 85
-0.072914 -0.062910 0.408000 55 67 83
-0.072034 -0.063064 0.409000 54 66 82
-0.071323 -0.063373 0.411000 54 66 82
-0.070430 -0.063527 0.412000 56 68 84
-0.069701 -0.063835 0.414000 57 69 85
-0.068961 -0.064144 0.416000 81 84 85
-0.068211 -0.064452 0.418000 94 96 85
-0.067451 -0.064761 0.420000 88 90 74
-0.066680 -0.065069 0.422000 81 78 64
-0.065899 -0.065377 0.424000 78 78 74
-0.065260 -0.065840 0.427000 61 67 67
-0.064456 -0.066148 0.429000 62 68 68
-0.063641 -0.066457 0.431000 59 62 63
-0.062816 -0.066765 0.433000 62 65 66
-0.061981 -0.067073 0.435000 60 66 66
-0.060855 -0.067073 0.435000 56 62 62
-0.060004 -0.067382 0.437000 60 67 59
-0.058873 -0.067382 0.437000 92 96 89
-0.057875 -0.067536 0.438000 97 109 101
-0.056741 -0.067536 0.438000 101 113 105
-0.055608 -0.067536 0.438000 101 114 111
-0.054350 -0.067382 0.437000 97 112 111
-0.053098 -0.067228 0.436000 100 115 114
-0.051850 -0.067073 0.435000 101 116 113
-0.046586 -0.065994 0.428000 100 113 110
-0.045372 -0.065840 0.427000 111 104 87
-0.044164 -0.065686 0.426000 202 164 69
-0.043061 -0.065686 0.426000 247 209 114
-0.041959 -0.065686 0.426000 254 226 41
-0.040857 -0.065686 0.426000 255 239 9
-0.039755 -0.065686 0.426000 255 250 2
-0.038652 -0.065686 0.426000 255 253 0
-0.037462 -0.065531 0.425000 255 254 0
-0.036362 -0.065531 0.425000 255 255 0
-0.035262 -0.065531 0.425000 255 255 0
-0.034082 -0.065377 0.424000 255 255 2
-0.032985 -0.065377 0.424000 254 255 0
-0.031888 -0.065377 0.424000 254 255 0
-0.030791 -0.065377 0.424000 255 255 5
-0.029694 -0.065377 0.424000 255 255 15
-0.028597 -0.065377 0.424000 255 255 18
-0.027499 -0.065377 0.424000 255 255 17
-0.026465 -0.065531 0.425000 254 255 17
-0.025425 -0.065686 0.426000 254 255 19
-0.024494 -0.066148 0.429000 255 249 17
-0.023602 -0.066765 0.433000 238 227 0
-0.022637 -0.067228 0.436000 251 220 29
-0.021607 -0.067536 0.438000 148 130 69
-0.020568 -0.067844 0.440000 82 88 71
-0.019517 -0.068153 0.442000 86 92 75
-0.018457 -0.068461 0.444000 79 88 79
-0.017347 -0.068615 0.445000 77 86 79
-0.016195 -0.068615 0.445000 69 80 78
-0.015078 -0.068769 0.446000 68 79 77
-0.013924 -0.068769 0.446000 66 77 77
-0.012770 -0.068769 0.446000 65 78 77
-0.011616 -0.068769 0.446000 58 73 72
-0.010485 -0.068924 0.447000 56 71 70
-0.009328 -0.068924 0.447000 61 76 75
-0.008190 -0.069078 0.448000 66 79 78
-0.007031 -0.069078 0.448000 66 79 78
-0.005885 -0.069232 0.449000 64 77 76
-0.098684 -0.060187 0.397000 73 64 59
-0.097657 -0.060187 0.397000 83 73 71
-0.096629 -0.060187 0.397000 82 74 73
-0.095843 -0.060338 0.398000 85 80 78
-0.094813 -0.060338 0.398000 69 64 62
-0.093783 -0.060338 0.398000 79 73 77
-0.092986 -0.060490 0.399000 77 71 75
-0.091954 -0.060490 0.399000 81 75 79
-0.090922 -0.060490 0.399000 81 75 79
-0.090114 -0.060642 0.400000 81 75 79
-0.089079 -0.060642 0.400000 85 76 81
-0.088044 -0.060642 0.400000 88 79 84
-0.087009 -0.060642 0.400000 89 80 87
-0.085974 -0.060642 0.400000 73 64 71
-0.085152 -0.060793 0.401000 81 75 81
-0.084114 -0.060793 0.401000 86 82 87
-0.083076 -0.060793 0.401000 82 81 88
-0.082243 -0.060945 0.402000 67 69 75
-0.081203 -0.060945 0.402000 71 73 79
-0.080362 -0.061096 0.403000 68 75 81
-0.079516 -0.061248 0.404000 66 75 87
-0.078471 -0.061248 0.404000 65 73 88
-0.077809 -0.061551 0.406000 65 73 88
-0.076758 -0.061551 0.406000 63 73 87
-0.075894 -0.061703 0.407000 60 70 86
-0.075025 -0.061854 0.408000 56 68 84
-0.074151 -0.062006 0.409000 55 67 83
-0.073271 -0.062158 0.410000 52 67 82
-0.072386 -0.062309 0.411000 50 65 80
-0.071496 -0.062461 0.412000 52 67 82
-0.070772 -0.062764 0.414000 53 68 83
-0.069869 -0.062916 0.415000 56 68 82
-0.069127 -0.063219 0.417000 69 75 77
-0.068538 -0.063674 0.420000 74 74 68
-0.067772 -0.063977 0.422000 74 74 68
-0.066996 -0.064280 0.424000 80 80 74
-0.066210 -0.064583 0.426000 76 77 73
-0.065566 -0.065038 0.429000 71 74 73
-0.064756 -0.065341 0.431000 65 68 67
-0.063789 -0.065493 0.432000 57 63 63
-0.062961 -0.065796 0.434000 56 62 62
-0.061981 -0.065948 0.435000 54 62 59
-0.060995 -0.066099 0.436000 53 61 58
-0.060004 -0.066251 0.437000 59 68 59
-0.058873 -0.066251 0.437000 83 84 78
-0.057875 -0.066403 0.438000 96 102 100
-0.056612 -0.066251 0.437000 98 104 102
-0.055481 -0.066251 0.437000 100 111 109
-0.054226 -0.066099 0.436000 97 112 109
-0.052976 -0.065948 0.435000 97 112 109
-0.051731 -0.065796 0.434000 98 113 110
-0.049143 -0.065341 0.431000 92 107 106
-0.047916 -0.065190 0.430000 97 110 109
-0.046586 -0.064887 0.428000 97 98 85
-0.045372 -0.064735 0.427000 178 144 66
-0.044164 -0.064583 0.426000 255 229 38
-0.043061 -0.064583 0.426000 254 223 32
-0.041959 -0.064583 0.426000 253 235 6
-0.040761 -0.064432 0.425000 255 240 5
-0.039661 -0.064432 0.425000 255 249 3
-0.038561 -0.064432 0.425000 255 254 2
-0.037462 -0.064432 0.425000 255 254 2
-0.036276 -0.064280 0.424000 255 255 0
-0.035179 -0.064280 0.424000 254 255 0
-0.034082 -0.064280 0.424000 255 255 2
-0.032907 -0.064129 0.423000 254 255 0
-0.031813 -0.064129 0.423000 254 255 0
-0.030791 -0.064280 0.424000 255 255 7
-0.029694 -0.064280 0.424000 255 255 15
-0.028597 -0.064280 0.424000 255 255 17
-0.027499 -0.064280 0.424000 255 255 16
-0.026402 -0.064280 0.424000 253 255 16
-0.025365 -0.064432 0.425000 251 255 12
-0.024436 -0.064887 0.428000 255 255 13
-0.023493 -0.065341 0.431000 246 243 0
-0.021509 -0.066099 0.436000 226 192 60
-0.020521 -0.066554 0.439000 93 86 53
-0.019429 -0.066706 0.440000 95 88 55
-0.018374 -0.067009 0.442000 82 89 81
-0.017269 -0.067161 0.443000 77 86 79
-0.016159 -0.067312 0.444000 68 81 78
-0.015010 -0.067312 0.444000 66 79 76
-0.013892 -0.067464 0.445000 64 77 76
-0.012741 -0.067464 0.445000 63 76 75
-0.011616 -0.067615 0.446000 61 74 73
-0.010462 -0.067615 0.446000 61 72 72
-0.009328 -0.067767 0.447000 65 76 76
-0.008172 -0.067767 0.447000 65 78 77
-0.007031 -0.067919 0.448000 63 78 77
-0.102022 -0.059309 0.398000 142 135 104
-0.100992 -0.059309 0.398000 123 117 93
-0.099962 -0.059309 0.398000 109 103 79
-0.099181 -0.059458 0.399000 98 86 66
-0.098149 -0.059458 0.399000 82 69 56
-0.097116 -0.059458 0.399000 85 75 63
-0.096084 -0.059458 0.399000 87 78 69
-0.095051 -0.059458 0.399000 75 66 57
-0.094019 -0.059458 0.399000 70 63 55
-0.093219 -0.059607 0.400000 77 69 66
-0.092184 -0.059607 0.400000 75 67 64
-0.091149 -0.059607 0.400000 81 76 74
-0.090114 -0.059607 0.400000 76 71 69
-0.089079 -0.059607 0.400000 73 68 66
-0.088264 -0.059756 0.401000 78 70 67
-0.087227 -0.059756 0.401000 81 73 70
-0.086189 -0.059756 0.401000 78 70 67
-0.085364 -0.059905 0.402000 71 66 64
-0.084324 -0.059905 0.402000 76 76 72
-0.083284 -0.059905 0.402000 75 81 81
-0.082448 -0.060054 0.403000 70 77 83
-0.081607 -0.060203 0.404000 67 74 80
-0.080562 -0.060203 0.404000 59 73 79
-0.079713 -0.060352 0.405000 59 77 84
-0.078860 -0.060501 0.406000 58 76 85
-0.078001 -0.060650 0.407000 54 72 81
-0.077137 -0.060799 0.408000 54 71 83
-0.076081 -0.060799 0.408000 53 70 82
-0.075209 -0.060948 0.409000 48 66 75
-0.074332 -0.061097 0.410000 48 66 75
-0.073450 -0.061246 0.411000 51 69 78
-0.072562 -0.061395 0.412000 50 66 76
-0.071843 -0.061693 0.414000 54 67 78
-0.070943 -0.061842 0.415000 54 67 78
-0.070206 -0.062140 0.417000 54 65 74
-0.069459 -0.062438 0.419000 60 66 68
-0.068701 -0.062736 0.421000 77 78 72
-0.067933 -0.063034 0.423000 76 77 71
-0.067312 -0.063481 0.426000 75 76 70
-0.066521 -0.063779 0.428000 75 76 70
-0.065719 -0.064077 0.430000 73 80 72
-0.064756 -0.064226 0.431000 62 69 61
-0.063936 -0.064524 0.433000 50 56 54
-0.062961 -0.064673 0.434000 50 56 54
-0.061981 -0.064822 0.435000 54 61 53
-0.060995 -0.064971 0.436000 55 62 54
-0.059867 -0.064971 0.436000 60 68 57
-0.058873 -0.065120 0.437000 98 99 93
-0.057742 -0.065120 0.437000 96 99 98
-0.056612 -0.065120 0.437000 99 102 101
-0.055354 -0.064971 0.436000 100 108 109
-0.054101 -0.064822 0.435000 100 111 111
-0.052854 -0.064673 0.434000 100 111 109
-0.050258 -0.064226 0.431000 94 107 104
-0.049029 -0.064077 0.430000 95 108 105
-0.047805 -0.063928 0.429000 102 110 107
-0.046477 -0.063630 0.427000 157 142 116
-0.045266 -0.063481 0.426000 221 182 65
-0.044164 -0.063481 0.426000 247 219 9
-0.042960 -0.063332 0.425000 251 223 13
-0.041861 -0.063332 0.425000 255 241 4
-0.040761 -0.063332 0.425000 255 255 7
-0.039661 -0.063332 0.425000 255 255 2
-0.038471 -0.063183 0.424000 254 255 0
-0.037374 -0.063183 0.424000 254 255 0
-0.036276 -0.063183 0.424000 254 255 0
-0.035179 -0.063183 0.424000 254 255 0
-0.034002 -0.063034 0.423000 254 255 0
-0.032907 -0.063034 0.423000 255 255 4
-0.031813 -0.063034 0.423000 255 255 4
-0.030718 -0.063034 0.423000 255 255 13
-0.029624 -0.063034 0.423000 255 255 17
-0.028529 -0.063034 0.423000 255 255 20
-0.027435 -0.063034 0.423000 255 255 20
-0.026402 -0.063183 0.424000 253 255 18
-0.025305 -0.063183 0.424000 251 255 8
-0.024322 -0.063481 0.426000 253 255 1
-0.023384 -0.063928 0.429000 248 250 0
-0.022429 -0.064375 0.432000 240 219 0
-0.021410 -0.064673 0.434000 255 219 26
-0.020381 -0.064971 0.436000 170 141 46
-0.019341 -0.065269 0.438000 129 100 5
-0.018290 -0.065567 0.440000 93 90 74
-0.017230 -0.065865 0.442000 83 90 82
-0.016123 -0.066014 0.443000 75 83 80
-0.015010 -0.066163 0.444000 70 78 77
-0.013861 -0.066163 0.444000 65 76 74
-0.012741 -0.066312 0.445000 60 73 70
-0.011590 -0.066312 0.445000 63 76 75
-0.010462 -0.066461 0.446000 64 75 75
-0.009307 -0.066461 0.446000 64 75 75
-0.008153 -0.066461 0.446000 66 77 77
-0.108248 -0.058864 0.402000 101 96 67
-0.106941 -0.058718 0.401000 139 134 105
-0.105640 -0.058572 0.400000 108 98 70
-0.104605 -0.058572 0.400000 114 104 76
-0.103570 -0.058572 0.400000 144 129 101
-0.102535 -0.058572 0.400000 144 132 105
-0.101500 -0.058572 0.400000 141 129 100
-0.100465 -0.058572 0.400000 143 131 102
-0.099430 -0.058572 0.400000 146 136 104
-0.098395 -0.058572 0.400000 148 139 104
-0.097360 -0.058572 0.400000 161 156 115
-0.096325 -0.058572 0.400000 153 148 107
-0.095290 -0.058572 0.400000 139 134 93
-0.094255 -0.058572 0.400000 154 151 108
-0.093219 -0.058572 0.400000 155 150 109
-0.092415 -0.058718 0.401000 153 147 111
-0.091377 -0.058718 0.401000 149 146 112
-0.090340 -0.058718 0.401000 150 147 113
-0.089302 -0.058718 0.401000 142 138 102
-0.088485 -0.058864 0.402000 153 147 109
-0.087444 -0.058864 0.402000 156 148 108
-0.086404 -0.058864 0.402000 146 138 98
-0.085576 -0.059011 0.403000 150 142 102
-0.084534 -0.059011 0.403000 151 148 116
-0.083491 -0.059011 0.403000 74 83 74
-0.082653 -0.059157 0.404000 61 80 84
-0.081809 -0.059304 0.405000 59 78 82
-0.080961 -0.059450 0.406000 54 75 81
-0.080107 -0.059597 0.407000 52 73 79
-0.079054 -0.059597 0.407000 53 74 80
-0.078192 -0.059743 0.408000 52 70 79
-0.077326 -0.059889 0.409000 51 68 80
-0.076454 -0.060036 0.410000 50 70 81
-0.075577 -0.060182 0.411000 50 66 76
-0.074513 -0.060182 0.411000 49 65 75
-0.073628 -0.060329 0.412000 53 69 77
-0.072915 -0.060622 0.414000 51 64 73
-0.072017 -0.060768 0.415000 45 58 67
-0.071285 -0.061061 0.417000 42 55 64
-0.070374 -0.061207 0.418000 54 64 71
-0.069624 -0.061500 0.420000 80 83 84
-0.069027 -0.061939 0.423000 80 82 71
-0.068254 -0.062232 0.425000 76 78 67
-0.067470 -0.062525 0.427000 73 74 63
-0.066676 -0.062818 0.429000 73 74 65
-0.065872 -0.063111 0.431000 70 75 65
-0.064907 -0.063257 0.432000 62 67 57
-0.063936 -0.063404 0.433000 51 58 50
-0.062961 -0.063550 0.434000 53 60 52
-0.061981 -0.063697 0.435000 56 64 51
-0.060855 -0.063697 0.435000 56 64 51
-0.059867 -0.063843 0.436000 64 69 55
-0.058739 -0.063843 0.436000 93 97 90
-0.057610 -0.063843 0.436000 94 101 93
-0.056353 -0.063697 0.435000 97 105 104
-0.055227 -0.063697 0.435000 98 106 105
-0.053977 -0.063550 0.434000 98 106 105
-0.052732 -0.063404 0.433000 99 107 106
-0.051373 -0.063111 0.431000 102 110 109
-0.050142 -0.062964 0.430000 99 107 106
-0.048801 -0.062672 0.428000 95 103 102
-0.047582 -0.062525 0.427000 133 124 105
-0.046368 -0.062379 0.426000 239 201 106
-0.045160 -0.062232 0.425000 246 211 15
-0.044060 -0.062232 0.425000 255 236 3
-0.042960 -0.062232 0.425000 255 243 10
-0.041861 -0.062232 0.425000 255 249 1
-0.040665 -0.062086 0.424000 255 254 2
-0.039568 -0.062086 0.424000 255 255 0
-0.038471 -0.062086 0.424000 255 255 6
-0.037374 -0.062086 0.424000 255 255 6
-0.036276 -0.062086 0.424000 255 255 11
-0.035096 -0.061939 0.423000 253 255 6
-0.034002 -0.061939 0.423000 254 255 0
-0.032907 -0.061939 0.423000 255 255 8
-0.031813 -0.061939 0.423000 255 255 9
-0.030718 -0.061939 0.423000 255 255 17
-0.029624 -0.061939 0.423000 254 255 19
-0.028529 -0.061939 0.423000 254 255 19
-0.027435 -0.061939 0.423000 255 255 20
-0.026402 -0.062086 0.424000 253 255 18
-0.025305 -0.062086 0.424000 251 255 6
-0.024322 -0.062379 0.426000 254 255 2
-0.023329 -0.062672 0.428000 249 232 0
-0.022377 -0.063111 0.431000 245 228 0
-0.021361 -0.063404 0.433000 252 213 9
-0.020334 -0.063697 0.435000 200 166 34
-0.019297 -0.063989 0.437000 160 126 0
-0.018249 -0.064282 0.439000 102 95 62
-0.017152 -0.064429 0.440000 83 92 83
-0.016086 -0.064722 0.442000 73 85 77
-0.014976 -0.064868 0.443000 72 84 76
-0.013861 -0.065014 0.444000 66 78 70
-0.012712 -0.065014 0.444000 65 76 72
-0.011590 -0.065161 0.445000 65 76 72
-0.010438 -0.065161 0.445000 65 76 72
-0.009307 -0.065307 0.446000 65 76 72
-0.113528 -0.058400 0.406000 53 55 65
-0.112200 -0.058256 0.405000 48 50 60
-0.110878 -0.058112 0.404000 48 50 60
-0.109832 -0.058112 0.404000 137 128 119
-0.108518 -0.057968 0.403000 98 90 66
-0.107208 -0.057824 0.402000 128 123 94
-0.106168 -0.057824 0.402000 114 109 80
-0.104866 -0.057680 0.401000 112 105 76
-0.103829 -0.057680 0.401000 117 105 76
-0.102791 -0.057680 0.401000 117 102 74
-0.101753 -0.057680 0.401000 117 100 75
-0.100716 -0.057680 0.401000 102 85 60
-0.099678 -0.057680 0.401000 119 100 71
-0.098641 -0.057680 0.401000 119 105 70
-0.097603 -0.057680 0.401000 119 108 72
-0.096565 -0.057680 0.401000 124 114 73
-0.095528 -0.057680 0.401000 147 139 99
-0.094490 -0.057680 0.401000 149 141 99
-0.093686 -0.057824 0.402000 146 138 96
-0.092645 -0.057824 0.402000 144 136 94
-0.091605 -0.057824 0.402000 141 133 91
-0.090565 -0.057824 0.402000 144 136 94
-0.089525 -0.057824 0.402000 144 136 94
-0.088705 -0.057968 0.403000 148 140 98
-0.087662 -0.057968 0.403000 149 139 96
-0.086619 -0.057968 0.403000 143 133 90
-0.085789 -0.058112 0.404000 145 132 90
-0.084743 -0.058112 0.404000 142 136 98
-0.083905 -0.058256 0.405000 69 77 66
-0.083062 -0.058400 0.406000 67 75 64
-0.082213 -0.058543 0.407000 55 78 83
-0.081359 -0.058687 0.408000 52 75 80
-0.080304 -0.058687 0.408000 53 71 78
-0.079442 -0.058831 0.409000 53 71 78
-0.078576 -0.058975 0.410000 53 71 78
-0.077704 -0.059119 0.411000 45 66 74
-0.076640 -0.059119 0.411000 46 69 76
-0.075761 -0.059263 0.412000 48 65 70
-0.074876 -0.059407 0.413000 49 66 71
-0.073986 -0.059550 0.414000 50 64 70
-0.073091 -0.059694 0.415000 49 63 69
-0.072190 -0.059838 0.416000 49 61 67
-0.071456 -0.060126 0.418000 57 69 75
-0.070711 -0.060413 0.420000 58 68 71
-0.069956 -0.060701 0.422000 69 72 75
-0.069190 -0.060989 0.424000 74 75 71
-0.068414 -0.061276 0.426000 75 76 72
-0.067628 -0.061564 0.428000 74 76 67
-0.066831 -0.061852 0.430000 73 74 65
-0.066024 -0.062139 0.432000 57 59 48
-0.065057 -0.062283 0.433000 58 60 49
-0.064084 -0.062427 0.434000 49 58 40
-0.062961 -0.062427 0.434000 50 59 41
-0.061981 -0.062571 0.435000 62 68 51
-0.060855 -0.062571 0.435000 63 69 52
-0.059867 -0.062715 0.436000 83 85 72
-0.058604 -0.062571 0.435000 85 95 83
-0.057478 -0.062571 0.435000 93 102 95
-0.056223 -0.062427 0.434000 97 105 102
-0.054973 -0.062283 0.433000 97 105 102
-0.053728 -0.062139 0.432000 98 106 103
-0.052489 -0.061996 0.431000 102 110 109
-0.051135 -0.061708 0.429000 103 111 110
-0.049908 -0.061564 0.428000 100 101 95
-0.048573 -0.061276 0.426000 109 110 104
-0.047471 -0.061276 0.426000 173 147 105
-0.046259 -0.061133 0.425000 254 211 65
-0.045160 -0.061133 0.425000 249 217 2
-0.044060 -0.061133 0.425000 253 236 0
-0.042859 -0.060989 0.424000 255 242 4
-0.041762 -0.060989 0.424000 255 252 4
-0.040665 -0.060989 0.424000 255 255 0
-0.039568 -0.060989 0.424000 255 255 0
-0.038380 -0.060845 0.423000 255 255 18
-0.037285 -0.060845 0.423000 255 255 17
-0.036191 -0.060845 0.423000 255 255 22
-0.035096 -0.060845 0.423000 253 255 20
-0.033921 -0.060701 0.422000 254 255 19
-0.032830 -0.060701 0.422000 255 255 24
-0.031738 -0.060701 0.422000 255 255 24
-0.030646 -0.060701 0.422000 255 255 26
-0.029554 -0.060701 0.422000 255 255 28
-0.028462 -0.060701 0.422000 254 255 27
-0.027370 -0.060701 0.422000 253 255 18
-0.026278 -0.060701 0.422000 251 254 16
-0.025186 -0.060701 0.422000 251 255 2
-0.024208 -0.060989 0.424000 251 255 0
-0.023220 -0.061276 0.426000 255 249 3
-0.022222 -0.061564 0.428000 242 235 0
-0.021262 -0.061996 0.431000 242 208 0
-0.020240 -0.062283 0.433000 242 199 37
-0.019208 -0.062571 0.435000 146 127 55
-0.018166 -0.062859 0.437000 101 82 10
-0.017113 -0.063146 0.439000 77 86 68
-0.016086 -0.063578 0.442000 73 85 77
-0.014976 -0.063722 0.443000 69 81 73
-0.013830 -0.063722 0.443000 67 79 71
-0.012712 -0.063866 0.444000 66 77 73
-0.011563 -0.063866 0.444000 66 77 73
-0.010438 -0.064009 0.445000 64 75 71
-0.009287 -0.064009 0.445000 66 77 73
-0.116483 -0.057773 0.409000 61 65 79
-0.115143 -0.057632 0.408000 64 68 82
-0.113807 -0.057490 0.407000 51 55 69
-0.112477 -0.057349 0.406000 44 48 62
-0.111427 -0.057349 0.406000 45 46 59
-0.110104 -0.057208 0.405000 133 122 117
-0.108787 -0.057067 0.404000 102 90 70
-0.107742 -0.057067 0.404000 139 132 103
-0.106432 -0.056925 0.403000 118 111 82
-0.105389 -0.056925 0.403000 112 107 78
-0.104346 -0.056925 0.403000 116 106 76
-0.103304 -0.056925 0.403000 117 105 76
-0.102261 -0.056925 0.403000 116 101 73
-0.100967 -0.056784 0.402000 117 102 74
-0.099927 -0.056784 0.402000 115 100 70
-0.099133 -0.056925 0.403000 115 101 68
-0.097846 -0.056784 0.402000 116 105 69
-0.097047 -0.056925 0.403000 119 109 70
-0.095766 -0.056784 0.402000 119 109 70
-0.094726 -0.056784 0.402000 117 107 68
-0.093919 -0.056925 0.403000 123 110 72
-0.092876 -0.056925 0.403000 118 104 69
-0.091833 -0.056925 0.403000 111 97 62
-0.090790 -0.056925 0.403000 116 102 67
-0.089747 -0.056925 0.403000 119 108 72
-0.088925 -0.057067 0.404000 118 105 67
-0.087879 -0.057067 0.404000 129 114 75
-0.086834 -0.057067 0.404000 129 114 75
-0.086001 -0.057208 0.405000 150 131 88
-0.085163 -0.057349 0.406000 144 134 95
-0.084112 -0.057349 0.406000 84 89 75
-0.083266 -0.057490 0.407000 66 71 57
-0.082415 -0.057632 0.408000 54 72 81
-0.081559 -0.057773 0.409000 53 70 82
-0.080697 -0.057914 0.410000 53 71 78
-0.079636 -0.057914 0.410000 45 66 72
-0.078767 -0.058055 0.411000 46 67 73
-0.077893 -0.058197 0.412000 46 67 75
-0.077013 -0.058338 0.413000 45 68 75
-0.076128 -0.058479 0.414000 42 66 68
-0.075057 -0.058479 0.414000 42 66 68
-0.074165 -0.058620 0.415000 44 66 67
-0.073443 -0.058903 0.417000 47 64 69
-0.072538 -0.059044 0.418000 50 64 70
-0.071798 -0.059327 0.420000 52 66 72
-0.071048 -0.059609 0.422000 58 68 71
-0.070287 -0.059892 0.424000 65 71 71
-0.069517 -0.060174 0.426000 69 75 73
-0.068736 -0.060457 0.428000 71 77 75
-0.067786 -0.060598 0.429000 68 69 65
-0.066987 -0.060880 0.431000 67 64 59
-0.066024 -0.061022 0.432000 62 60 50
-0.065057 -0.061163 0.433000 62 60 50
-0.064084 -0.061304 0.434000 58 62 41
-0.062961 -0.061304 0.434000 58 61 43
-0.061981 -0.061445 0.435000 66 69 51
-0.060855 -0.061445 0.435000 66 69 51
-0.059729 -0.061445 0.435000 80 81 68
-0.058469 -0.061304 0.434000 91 99 88
-0.057214 -0.061163 0.433000 90 101 97
-0.056094 -0.061163 0.433000 93 104 102
-0.054719 -0.060880 0.431000 93 104 102
-0.053480 -0.060739 0.430000 91 102 98
-0.052245 -0.060598 0.429000 94 105 101
-0.050897 -0.060315 0.427000 103 110 104
-0.049675 -0.060174 0.426000 134 117 78
-0.048459 -0.060033 0.425000 219 176 39
-0.047359 -0.060033 0.425000 248 205 68
-0.046259 -0.060033 0.425000 254 211 4
-0.045053 -0.059892 0.424000 255 240 12
-0.043956 -0.059892 0.424000 254 243 0
-0.042859 -0.059892 0.424000 255 250 7
-0.041762 -0.059892 0.424000 255 254 2
-0.040665 -0.059892 0.424000 255 255 2
-0.039475 -0.059750 0.423000 255 255 23
-0.038380 -0.059750 0.423000 255 255 42
-0.037285 -0.059750 0.423000 255 255 42
-0.036105 -0.059609 0.422000 254 255 43
-0.035013 -0.059609 0.422000 253 255 38
-0.033921 -0.059609 0.422000 254 255 39
-0.032752 -0.059468 0.421000 254 255 50
-0.031662 -0.059468 0.421000 254 255 50
-0.030573 -0.059468 0.421000 253 255 47
-0.029414 -0.059327 0.420000 254 255 48
-0.028327 -0.059327 0.420000 254 255 46
-0.027240 -0.059327 0.420000 251 255 22
-0.026216 -0.059468 0.421000 249 254 20
-0.025126 -0.059468 0.421000 249 255 6
-0.024094 -0.059609 0.422000 251 255 0
-0.023111 -0.059892 0.424000 253 246 0
-0.022118 -0.060174 0.426000 248 241 0
-0.021163 -0.060598 0.429000 245 211 0
-0.020147 -0.060880 0.431000 245 201 19
-0.019120 -0.061163 0.433000 182 151 54
-0.018124 -0.061587 0.436000 130 99 2
-0.017074 -0.061869 0.438000 87 82 60
-0.016050 -0.062293 0.441000 77 87 75
-0.014942 -0.062434 0.442000 69 81 71
-0.013830 -0.062575 0.443000 69 81 71
-0.012712 -0.062717 0.444000 67 79 71
-0.011563 -0.062717 0.444000 66 77 73
-0.010438 -0.062858 0.445000 66 79 74
-0.119470 -0.057131 0.412000 76 89 98
-0.118116 -0.056992 0.411000 50 62 78
-0.116768 -0.056853 0.410000 54 59 79
-0.115425 -0.056715 0.409000 55 55 77
-0.114087 -0.056576 0.408000 47 50 71
-0.113031 -0.056576 0.408000 44 47 68
-0.111701 -0.056437 0.407000 41 46 62
-0.110648 -0.056437 0.407000 62 57 55
-0.109325 -0.056299 0.406000 115 104 81
-0.108275 -0.056299 0.406000 136 125 100
-0.106960 -0.056160 0.405000 123 112 87
-0.105651 -0.056021 0.404000 117 112 83
-0.104605 -0.056021 0.404000 112 107 76
-0.103560 -0.056021 0.404000 118 111 80
-0.102515 -0.056021 0.404000 116 106 74
-0.101469 -0.056021 0.404000 118 108 76
-0.100424 -0.056021 0.404000 115 105 75
-0.099379 -0.056021 0.404000 114 104 72
-0.098333 -0.056021 0.404000 119 110 75
-0.097288 -0.056021 0.404000 116 107 70
-0.096242 -0.056021 0.404000 118 109 72
-0.095197 -0.056021 0.404000 119 109 70
-0.094152 -0.056021 0.404000 118 105 67
-0.093106 -0.056021 0.404000 119 105 70
-0.092061 -0.056021 0.404000 119 105 70
-0.091016 -0.056021 0.404000 122 108 73
-0.089970 -0.056021 0.404000 120 110 71
-0.089145 -0.056160 0.405000 121 108 70
-0.088097 -0.056160 0.405000 129 114 75
-0.087264 -0.056299 0.406000 133 118 79
-0.086213 -0.056299 0.406000 140 121 78
-0.085373 -0.056437 0.407000 147 133 98
-0.084319 -0.056437 0.407000 70 68 58
-0.083471 -0.056576 0.408000 71 69 59
-0.082617 -0.056715 0.409000 55 71 79
-0.081758 -0.056853 0.410000 52 69 81
-0.080894 -0.056992 0.411000 50 71 77
-0.080025 -0.057131 0.412000 43 64 70
-0.079151 -0.057269 0.413000 43 66 71
-0.078271 -0.057408 0.414000 44 67 74
-0.077200 -0.057408 0.414000 43 66 71
-0.076312 -0.057547 0.415000 42 66 66
-0.075420 -0.057685 0.416000 43 67 67
-0.074522 -0.057824 0.417000 46 65 65
-0.073619 -0.057963 0.418000 48 62 66
-0.072885 -0.058240 0.420000 50 64 68
-0.072140 -0.058517 0.422000 50 64 68
-0.071385 -0.058795 0.424000 57 69 71
-0.070619 -0.059072 0.426000 64 72 71
-0.069680 -0.059211 0.427000 70 76 74
-0.068896 -0.059488 0.429000 61 67 65
-0.067944 -0.059627 0.430000 58 62 57
-0.067142 -0.059904 0.432000 59 59 53
-0.066024 -0.059904 0.432000 63 60 46
-0.065207 -0.060181 0.434000 63 60 46
-0.064084 -0.060181 0.434000 65 63 42
-0.063106 -0.060320 0.435000 68 66 47
-0.061981 -0.060320 0.435000 69 69 49
-0.060715 -0.060181 0.434000 69 69 49
-0.059592 -0.060181 0.434000 78 84 65
-0.058200 -0.059904 0.432000 92 101 94
-0.056950 -0.059765 0.431000 85 103 97
-0.055834 -0.059765 0.431000 84 104 99
-0.054465 -0.059488 0.429000 85 105 100
-0.053231 -0.059349 0.428000 86 104 98
-0.051880 -0.059072 0.426000 94 107 102
-0.049442 -0.058795 0.424000 205 169 49
-0.048345 -0.058795 0.424000 247 203 5
-0.047248 -0.058795 0.424000 246 201 24
-0.046151 -0.058795 0.424000 248 209 0
-0.045053 -0.058795 0.424000 255 238 5
-0.043956 -0.058795 0.424000 255 251 3
-0.042859 -0.058795 0.424000 255 252 4
-0.041762 -0.058795 0.424000 254 255 0
-0.040665 -0.058795 0.424000 255 255 10
-0.039475 -0.058656 0.423000 255 255 37
-0.038289 -0.058517 0.422000 255 255 44
-0.037197 -0.058517 0.422000 255 255 44
-0.036105 -0.058517 0.422000 254 255 45
-0.034930 -0.058379 0.421000 254 255 46
-0.033761 -0.058240 0.420000 254 255 52
-0.032674 -0.058240 0.420000 255 255 65
-0.031587 -0.058240 0.420000 255 255 65
-0.030500 -0.058240 0.420000 252 255 64
-0.029344 -0.058101 0.419000 253 255 63
-0.028259 -0.058101 0.419000 255 255 61
-0.027175 -0.058101 0.419000 250 255 42
-0.026091 -0.058101 0.419000 250 255 42
-0.025007 -0.058101 0.419000 248 255 12
-0.024037 -0.058379 0.421000 249 255 0
-0.023002 -0.058517 0.422000 255 248 0
-0.022014 -0.058795 0.424000 246 239 0
-0.021065 -0.059211 0.427000 248 223 0
-0.020100 -0.059627 0.430000 246 206 0
-0.019076 -0.059904 0.432000 227 187 35
-0.018083 -0.060320 0.435000 182 142 0
-0.017074 -0.060736 0.438000 103 84 41
-0.016013 -0.061013 0.440000 85 90 78
-0.014942 -0.061291 0.442000 76 85 76
-0.013799 -0.061291 0.442000 76 85 76
-0.012712 -0.061568 0.444000 68 80 72
-0.011563 -0.061568 0.444000 64 79 74
-0.122487 -0.056473 0.415000 37 39 45
-0.121121 -0.056337 0.414000 64 74 81
-0.119760 -0.056201 0.413000 61 71 78
-0.118404 -0.056064 0.412000 43 58 75
-0.117053 -0.055928 0.411000 46 56 72
-0.115707 -0.055792 0.410000 47 52 70
-0.114646 -0.055792 0.410000 43 48 66
-0.113308 -0.055656 0.409000 42 47 65
-0.111975 -0.055520 0.408000 40 45 61
-0.110920 -0.055520 0.408000 69 64 60
-0.109864 -0.055520 0.408000 112 104 80
-0.108542 -0.055384 0.407000 128 116 89
-0.107488 -0.055384 0.407000 122 110 83
-0.106174 -0.055248 0.406000 116 108 82
-0.105123 -0.055248 0.406000 116 108 82
-0.104073 -0.055248 0.406000 123 113 83
-0.103022 -0.055248 0.406000 125 115 83
-0.101720 -0.055112 0.405000 125 115 83
-0.100672 -0.055112 0.405000 114 104 76
-0.099625 -0.055112 0.405000 116 106 76
-0.098577 -0.055112 0.405000 116 106 74
-0.097529 -0.055112 0.405000 116 107 72
-0.096481 -0.055112 0.405000 118 109 74
-0.095433 -0.055112 0.405000 119 110 73
-0.094385 -0.055112 0.405000 119 109 70
-0.093567 -0.055248 0.406000 119 109 70
-0.092517 -0.055248 0.406000 119 109 70
-0.091466 -0.055248 0.406000 121 110 74
-0.090416 -0.055248 0.406000 122 109 71
-0.089365 -0.055248 0.406000 124 109 72
-0.088314 -0.055248 0.406000 129 112 71
-0.087479 -0.055384 0.407000 139 122 81
-0.086638 -0.055520 0.408000 141 125 79
-0.085582 -0.055520 0.408000 138 123 86
-0.084734 -0.055656 0.409000 60 61 55
-0.083880 -0.055792 0.410000 69 70 64
-0.082819 -0.055792 0.410000 55 71 79
-0.081958 -0.055928 0.411000 52 68 78
-0.081091 -0.056064 0.412000 49 67 76
-0.080219 -0.056201 0.413000 48 66 75
-0.079342 -0.056337 0.414000 44 67 74
-0.078460 -0.056473 0.415000 43 66 73
-0.077573 -0.056609 0.416000 45 66 74
-0.076680 -0.056745 0.417000 45 66 74
-0.075782 -0.056881 0.418000 45 64 66
-0.074701 -0.056881 0.418000 51 65 67
-0.073971 -0.057153 0.420000 53 65 67
-0.073232 -0.057425 0.422000 53 63 66
-0.072482 -0.057697 0.424000 54 64 67
-0.071553 -0.057833 0.425000 58 69 69
-0.070785 -0.058106 0.427000 60 68 65
-0.070006 -0.058378 0.429000 68 76 73
-0.069057 -0.058514 0.430000 56 66 54
-0.068102 -0.058650 0.431000 58 62 55
-0.067142 -0.058786 0.432000 60 58 48
-0.066177 -0.058922 0.433000 67 61 46
-0.065057 -0.058922 0.433000 67 61 46
-0.064084 -0.059058 0.434000 69 67 46
-0.062961 -0.059058 0.434000 70 68 47
-0.061696 -0.058922 0.433000 68 68 46
-0.060575 -0.058922 0.433000 69 69 47
-0.059317 -0.058786 0.432000 78 84 65
-0.057930 -0.058514 0.430000 93 102 95
-0.056685 -0.058378 0.429000 88 106 100
-0.052982 -0.057970 0.426000 88 106 100
-0.051636 -0.057697 0.424000 104 106 93
-0.050539 -0.057697 0.424000 160 133 70
-0.049325 -0.057561 0.423000 238 194 37
-0.048231 -0.057561 0.423000 250 207 0
-0.047136 -0.057561 0.423000 255 217 10
-0.046042 -0.057561 0.423000 255 239 13
-0.044947 -0.057561 0.423000 249 240 0
-0.043853 -0.057561 0.423000 254 255 0
-0.042758 -0.057561 0.423000 255 255 17
-0.041664 -0.057561 0.423000 255 255 19
-0.040569 -0.057561 0.423000 255 255 45
-0.039475 -0.057561 0.423000 255 255 53
-0.038289 -0.057425 0.422000 254 255 54
-0.037197 -0.057425 0.422000 254 255 54
-0.036020 -0.057289 0.421000 255 255 57
-0.034847 -0.057153 0.420000 255 255 73
-0.033761 -0.057153 0.420000 255 255 85
-0.032596 -0.057017 0.419000 255 255 90
-0.031512 -0.057017 0.419000 255 255 99
-0.030355 -0.056881 0.418000 255 255 98
-0.029274 -0.056881 0.418000 252 255 87
-0.028192 -0.056881 0.418000 250 255 69
-0.027110 -0.056881 0.418000 251 255 56
-0.026029 -0.056881 0.418000 250 255 55
-0.024947 -0.056881 0.418000 245 255 26
-0.023923 -0.057017 0.419000 251 255 3
-0.022893 -0.057153 0.420000 255 250 2
-0.021910 -0.057425 0.422000 250 225 0
-0.020966 -0.057833 0.425000 244 219 0
-0.020007 -0.058242 0.428000 244 205 0
-0.019032 -0.058650 0.431000 235 193 24
-0.018041 -0.059058 0.434000 201 159 0
-0.017035 -0.059466 0.437000 110 93 36
-0.016013 -0.059875 0.440000 87 89 76
-0.014909 -0.060011 0.441000 78 85 79
-0.013799 -0.060147 0.442000 77 84 78
-0.012684 -0.060283 0.443000 69 80 76
-0.125836 -0.055933 0.419000 46 55 48
-0.124157 -0.055666 0.417000 46 50 43
-0.122782 -0.055532 0.416000 45 49 44
-0.121413 -0.055399 0.415000 47 54 58
-0.120050 -0.055265 0.414000 54 61 65
-0.118691 -0.055132 0.413000 47 56 66
-0.117338 -0.054998 0.412000 45 55 69
-0.115989 -0.054865 0.411000 44 52 67
-0.114926 -0.054865 0.411000 42 47 63
-0.113585 -0.054731 0.410000 42 47 63
-0.112524 -0.054731 0.410000 38 43 59
-0.111192 -0.054598 0.409000 74 66 65
-0.110133 -0.054598 0.409000 105 91 74
-0.109075 -0.054598 0.409000 130 112 92
-0.107753 -0.054464 0.408000 125 107 87
-0.106697 -0.054464 0.408000 112 95 77
-0.105382 -0.054331 0.407000 109 96 74
-0.104329 -0.054331 0.407000 116 103 81
-0.103276 -0.054331 0.407000 117 104 82
-0.102223 -0.054331 0.407000 113 100 78
-0.101170 -0.054331 0.407000 116 105 80
-0.100117 -0.054331 0.407000 115 105 77
-0.099063 -0.054331 0.407000 116 106 74
-0.098010 -0.054331 0.407000 114 104 72
-0.096957 -0.054331 0.407000 115 105 73
-0.095904 -0.054331 0.407000 116 106 74
-0.094851 -0.054331 0.407000 119 108 74
-0.093798 -0.054331 0.407000 119 105 70
-0.092745 -0.054331 0.407000 119 105 70
-0.091691 -0.054331 0.407000 124 109 72
-0.090638 -0.054331 0.407000 123 108 71
-0.089805 -0.054464 0.408000 128 111 74
-0.088750 -0.054464 0.408000 131 114 77
-0.087694 -0.054464 0.408000 131 114 77
-0.086850 -0.054598 0.409000 133 116 77
-0.086002 -0.054731 0.410000 135 125 86
-0.084941 -0.054731 0.410000 50 58 47
-0.084085 -0.054865 0.411000 67 75 64
-0.083223 -0.054998 0.412000 54 71 76
-0.082357 -0.055132 0.413000 51 69 76
-0.081288 -0.055132 0.413000 48 66 73
-0.080413 -0.055265 0.414000 48 66 73
-0.079534 -0.055399 0.415000 45 66 72
-0.078649 -0.055532 0.416000 45 66 72
-0.077759 -0.055666 0.417000 49 65 73
-0.076864 -0.055799 0.418000 47 63 71
-0.075964 -0.055933 0.419000 48 62 66
-0.075058 -0.056066 0.420000 54 66 68
-0.074324 -0.056333 0.422000 53 66 65
-0.073405 -0.056467 0.423000 53 64 64
-0.072653 -0.056734 0.425000 53 64 64
-0.071721 -0.056867 0.426000 59 67 68
-0.070950 -0.057134 0.428000 59 67 64
-0.070006 -0.057268 0.429000 60 71 52
-0.069217 -0.057535 0.431000 54 65 46
-0.068260 -0.057668 0.432000 52 58 41
-0.067142 -0.057668 0.432000 58 60 42
-0.066177 -0.057802 0.433000 62 65 44
-0.065207 -0.057935 0.434000 63 66 45
-0.063936 -0.057802 0.433000 69 69 47
-0.062671 -0.057668 0.432000 67 70 47
-0.061553 -0.057668 0.432000 70 73 50
-0.060295 -0.057535 0.431000 79 82 64
-0.053831 -0.056600 0.424000 113 114 101
-0.052733 -0.056600 0.424000 111 112 99
-0.051514 -0.056467 0.423000 192 169 108
-0.049209 -0.056333 0.422000 248 204 4
-0.047025 -0.056333 0.422000 255 227 5
-0.046042 -0.056467 0.423000 255 254 8
-0.044841 -0.056333 0.422000 254 255 0
-0.043853 -0.056467 0.423000 253 255 2
-0.041664 -0.056467 0.423000 255 255 33
-0.040569 -0.056467 0.423000 255 255 45
-0.039381 -0.056333 0.422000 255 255 55
-0.038289 -0.056333 0.422000 255 255 57
-0.037109 -0.056200 0.421000 253 255 61
-0.036020 -0.056200 0.421000 255 255 63
-0.034847 -0.056066 0.420000 255 255 75
-0.033680 -0.055933 0.419000 255 255 89
-0.032518 -0.055799 0.418000 255 255 96
-0.031437 -0.055799 0.418000 255 255 103
-0.030283 -0.055666 0.417000 255 255 103
-0.029204 -0.055666 0.417000 253 255 92
-0.028125 -0.055666 0.417000 250 255 73
-0.027045 -0.055666 0.417000 250 255 63
-0.025904 -0.055532 0.416000 250 255 39
-0.024887 -0.055666 0.417000 247 255 36
-0.023866 -0.055799 0.418000 251 255 6
-0.022838 -0.055933 0.419000 247 236 0
-0.021858 -0.056200 0.421000 252 224 0
-0.020917 -0.056600 0.424000 249 221 0
-0.019913 -0.056867 0.426000 246 208 0
-0.017999 -0.057802 0.433000 229 184 0
-0.016996 -0.058202 0.436000 113 90 1
-0.015977 -0.058603 0.439000 90 92 74
-0.014909 -0.058870 0.441000 82 89 81
-0.127526 -0.055110 0.421000 60 68 67
-0.126137 -0.054980 0.420000 57 66 59
-0.124454 -0.054718 0.418000 54 55 49
-0.123078 -0.054587 0.417000 49 50 39
-0.121706 -0.054456 0.416000 46 47 36
-0.120340 -0.054325 0.415000 51 52 43
-0.118978 -0.054194 0.414000 49 49 45
-0.117622 -0.054063 0.413000 47 47 49
-0.116271 -0.053932 0.412000 45 52 56
-0.115205 -0.053932 0.412000 40 47 55
-0.114139 -0.053932 0.412000 41 48 56
-0.112799 -0.053801 0.411000 40 46 57
-0.111735 -0.053801 0.411000 45 45 49
-0.110403 -0.053670 0.410000 104 95 78
-0.109342 -0.053670 0.410000 124 105 88
-0.108281 -0.053670 0.410000 123 104 87
-0.106958 -0.053540 0.409000 114 101 79
-0.105900 -0.053540 0.409000 111 100 75
-0.104585 -0.053409 0.408000 114 101 77
-0.103530 -0.053409 0.408000 114 101 79
-0.102474 -0.053409 0.408000 108 95 73
-0.101418 -0.053409 0.408000 112 101 78
-0.100362 -0.053409 0.408000 114 104 76
-0.099307 -0.053409 0.408000 114 102 71
-0.098251 -0.053409 0.408000 113 101 70
-0.097195 -0.053409 0.408000 113 103 71
-0.096140 -0.053409 0.408000 115 105 73
-0.095084 -0.053409 0.408000 119 105 72
-0.094028 -0.053409 0.408000 118 102 70
-0.092972 -0.053409 0.408000 119 103 71
-0.091917 -0.053409 0.408000 121 103 69
-0.090861 -0.053409 0.408000 119 103 69
-0.090025 -0.053540 0.409000 124 109 72
-0.088967 -0.053540 0.409000 127 112 75
-0.087909 -0.053540 0.409000 127 110 73
-0.087063 -0.053670 0.410000 119 104 65
-0.086212 -0.053801 0.411000 132 124 84
-0.085148 -0.053801 0.411000 53 62 44
-0.084289 -0.053932 0.412000 62 71 53
-0.083425 -0.054063 0.413000 52 67 64
-0.082556 -0.054194 0.414000 49 68 72
-0.081681 -0.054325 0.415000 47 66 70
-0.080802 -0.054456 0.416000 47 66 70
-0.079725 -0.054456 0.416000 47 66 70
-0.079027 -0.054718 0.418000 46 65 69
-0.077946 -0.054718 0.418000 51 65 67
-0.077048 -0.054849 0.419000 49 63 65
-0.076145 -0.054980 0.420000 53 66 65
-0.075237 -0.055110 0.421000 54 65 63
-0.074500 -0.055372 0.423000 55 66 64
-0.073579 -0.055503 0.424000 55 66 64
-0.072824 -0.055765 0.426000 53 61 60
-0.071890 -0.055896 0.427000 57 60 59
-0.071116 -0.056158 0.429000 57 62 52
-0.070169 -0.056289 0.430000 58 63 53
-0.069217 -0.056419 0.431000 57 64 42
-0.068260 -0.056550 0.432000 55 62 38
-0.067298 -0.056681 0.433000 60 64 41
-0.066177 -0.056681 0.433000 62 66 43
-0.065057 -0.056681 0.433000 62 66 43
-0.063789 -0.056550 0.432000 68 71 48
-0.062526 -0.056419 0.431000 69 72 49
-0.061268 -0.056289 0.430000 74 74 52
-0.060016 -0.056158 0.429000 86 90 69
-0.058631 -0.055896 0.427000 91 95 74
-0.057257 -0.055634 0.425000 91 101 87
-0.056025 -0.055503 0.424000 101 109 98
-0.054798 -0.055372 0.423000 107 109 100
-0.053577 -0.055241 0.422000 126 112 79
-0.052485 -0.055241 0.422000 146 132 99
-0.051393 -0.055241 0.422000 236 198 90
-0.050182 -0.055110 0.421000 248 200 13
-0.048976 -0.054980 0.420000 252 213 0
-0.046913 -0.055110 0.421000 255 239 4
-0.045933 -0.055241 0.422000 255 255 0
-0.044735 -0.055110 0.421000 254 255 0
-0.043749 -0.055241 0.422000 255 255 8
-0.042657 -0.055241 0.422000 255 255 39
-0.040473 -0.055241 0.422000 255 255 51
-0.039381 -0.055241 0.422000 255 255 55
-0.038289 -0.055241 0.422000 255 255 63
-0.037109 -0.055110 0.421000 255 255 81
-0.035934 -0.054980 0.420000 255 255 80
-0.034765 -0.054849 0.419000 255 255 85
-0.033600 -0.054718 0.418000 255 255 96
-0.032441 -0.054587 0.417000 255 255 107
-0.031362 -0.054587 0.417000 254 255 110
-0.030210 -0.054456 0.416000 253 255 109
-0.029133 -0.054456 0.416000 252 255 103
-0.028057 -0.054456 0.416000 250 255 85
-0.026916 -0.054325 0.415000 250 255 67
-0.025842 -0.054325 0.415000 250 255 39
-0.024828 -0.054456 0.416000 249 255 38
-0.023751 -0.054456 0.416000 247 252 4
-0.022729 -0.054587 0.417000 251 240 0
-0.021754 -0.054849 0.419000 250 222 0
-0.020818 -0.055241 0.422000 247 219 0
-0.019913 -0.055765 0.426000 246 209 0
-0.017958 -0.056550 0.432000 241 194 0
-0.016957 -0.056943 0.435000 143 110 2
-0.015977 -0.057467 0.439000 104 98 74
-0.129227 -0.054278 0.423000 54 65 63
-0.127829 -0.054149 0.422000 63 72 63
-0.126437 -0.054021 0.421000 77 81 76
-0.124752 -0.053764 0.419000 80 84 77
-0.123373 -0.053636 0.418000 62 60 48
-0.121999 -0.053508 0.417000 65 63 51
-0.120630 -0.053379 0.416000 54 52 40
-0.119266 -0.053251 0.415000 50 48 40
-0.117907 -0.053123 0.414000 47 48 42
-0.116836 -0.053123 0.414000 46 49 50
-0.115765 -0.053123 0.414000 45 48 49
-0.114416 -0.052995 0.413000 41 46 55
-0.113348 -0.052995 0.413000 42 49 57
-0.112279 -0.052995 0.413000 37 43 45
-0.110941 -0.052866 0.412000 97 97 75
-0.109875 -0.052866 0.412000 92 92 70
-0.108545 -0.052738 0.411000 120 107 85
-0.107481 -0.052738 0.411000 116 103 79
-0.106159 -0.052610 0.410000 111 104 75
-0.105098 -0.052610 0.410000 111 101 73
-0.104037 -0.052610 0.410000 113 103 75
-0.102976 -0.052610 0.410000 110 102 76
-0.101667 -0.052481 0.409000 111 103 77
-0.100608 -0.052481 0.409000 112 105 74
-0.099550 -0.052481 0.409000 109 99 67
-0.098492 -0.052481 0.409000 111 101 69
-0.097434 -0.052481 0.409000 111 101 69
-0.096375 -0.052481 0.409000 112 102 70
-0.095317 -0.052481 0.409000 113 102 68
-0.094259 -0.052481 0.409000 113 102 68
-0.093200 -0.052481 0.409000 114 103 69
-0.092142 -0.052481 0.409000 118 104 71
-0.091084 -0.052481 0.409000 113 97 65
-0.090245 -0.052610 0.410000 117 103 68
-0.089185 -0.052610 0.410000 118 104 69
-0.088339 -0.052738 0.411000 115 101 66
-0.087275 -0.052738 0.411000 124 113 77
-0.086421 -0.052866 0.412000 118 116 77
-0.085562 -0.052995 0.413000 58 61 45
-0.084698 -0.053123 0.414000 64 67 51
-0.083627 -0.053123 0.414000 54 67 66
-0.082755 -0.053251 0.415000 52 69 72
-0.081878 -0.053379 0.416000 47 66 68
-0.080996 -0.053508 0.417000 44 63 65
-0.080109 -0.053636 0.418000 48 67 69
-0.079216 -0.053764 0.419000 48 67 69
-0.078318 -0.053893 0.420000 51 65 67
-0.077416 -0.054021 0.421000 51 65 67
-0.076508 -0.054149 0.422000 54 65 65
-0.075594 -0.054278 0.423000 53 64 62
-0.074676 -0.054406 0.424000 52 63 61
-0.073752 -0.054534 0.425000 53 64 62
-0.072994 -0.054791 0.427000 53 61 60
-0.072058 -0.054919 0.428000 53 59 57
-0.071116 -0.055048 0.429000 55 57 46
-0.070169 -0.055176 0.430000 58 62 39
-0.069217 -0.055304 0.431000 58 62 39
-0.068260 -0.055433 0.432000 60 64 36
-0.067142 -0.055433 0.432000 62 66 43
-0.066024 -0.055433 0.432000 62 66 43
-0.064756 -0.055304 0.431000 64 68 45
-0.063493 -0.055176 0.430000 68 71 48
-0.062236 -0.055048 0.429000 100 100 78
-0.060983 -0.054919 0.428000 129 124 104
-0.059596 -0.054663 0.426000 91 93 75
-0.058219 -0.054406 0.424000 98 104 87
-0.054409 -0.053893 0.420000 136 115 69
-0.053450 -0.054021 0.421000 211 170 38
-0.052236 -0.053893 0.420000 254 208 20
-0.051149 -0.053893 0.420000 251 205 17
-0.048859 -0.053764 0.419000 252 237 0
-0.046802 -0.053893 0.420000 255 255 0
-0.045715 -0.053893 0.420000 254 255 0
-0.043542 -0.053893 0.420000 255 255 34
-0.042455 -0.053893 0.420000 255 255 53
-0.040377 -0.054021 0.421000 255 255 65
-0.039288 -0.054021 0.421000 255 255 71
-0.037021 -0.053893 0.420000 255 255 89
-0.035849 -0.053764 0.419000 255 255 90
-0.034682 -0.053636 0.418000 255 255 122
-0.033520 -0.053508 0.417000 255 255 111
-0.032363 -0.053379 0.416000 255 255 115
-0.031286 -0.053379 0.416000 254 255 114
-0.030137 -0.053251 0.415000 254 255 114
-0.029063 -0.053251 0.415000 253 255 109
-0.027922 -0.053123 0.414000 251 255 94
-0.026851 -0.053123 0.414000 248 255 69
-0.025780 -0.053123 0.414000 249 255 32
-0.024708 -0.053123 0.414000 241 252 24
-0.023694 -0.053251 0.415000 244 245 0
-0.022675 -0.053379 0.416000 252 238 0
-0.021702 -0.053636 0.418000 249 221 0
-0.020769 -0.054021 0.421000 248 220 0
-0.017958 -0.055433 0.432000 234 189 0
-0.016957 -0.055817 0.435000 139 107 0
-0.131416 -0.053183 0.423000 55 63 62
-0.130321 -0.053183 0.423000 55 66 62
-0.129227 -0.053183 0.423000 62 73 69
-0.127829 -0.053057 0.422000 72 80 69
-0.126437 -0.052932 0.421000 87 85 77
-0.125050 -0.052806 0.420000 101 103 94
-0.123668 -0.052680 0.419000 106 111 99
-0.122291 -0.052555 0.418000 112 117 105
-0.120920 -0.052429 0.417000 52 54 43
-0.119553 -0.052303 0.416000 51 52 41
-0.118477 -0.052303 0.416000 48 49 38
-0.117118 -0.052177 0.415000 45 46 40
-0.116044 -0.052177 0.415000 44 45 39
-0.114693 -0.052052 0.414000 45 45 45
-0.113622 -0.052052 0.414000 46 46 50
-0.112551 -0.052052 0.414000 55 57 65
-0.111210 -0.051926 0.413000 68 63 59
-0.110142 -0.051926 0.413000 97 92 88
-0.109073 -0.051926 0.413000 123 116 97
-0.107743 -0.051800 0.412000 122 117 95
-0.106677 -0.051800 0.412000 123 119 92
-0.105354 -0.051674 0.411000 116 111 82
-0.104291 -0.051674 0.411000 117 112 83
-0.103227 -0.051674 0.411000 112 107 78
-0.102164 -0.051674 0.411000 114 107 76
-0.101100 -0.051674 0.411000 113 106 75
-0.100037 -0.051674 0.411000 111 104 73
-0.098733 -0.051549 0.410000 113 106 75
-0.097672 -0.051549 0.410000 111 104 71
-0.096611 -0.051549 0.410000 110 103 70
-0.095550 -0.051549 0.410000 113 104 69
-0.094489 -0.051549 0.410000 113 104 69
-0.093428 -0.051549 0.410000 112 103 68
-0.092367 -0.051549 0.410000 117 103 70
-0.091529 -0.051674 0.411000 111 97 64
-0.090466 -0.051674 0.411000 113 102 68
-0.089402 -0.051674 0.411000 116 105 71
-0.088554 -0.051800 0.412000 113 102 68
-0.087700 -0.051926 0.413000 115 106 71
-0.086631 -0.051926 0.413000 114 114 79
-0.085770 -0.052052 0.414000 60 62 49
-0.084903 -0.052177 0.415000 62 64 51
-0.084031 -0.052303 0.416000 53 65 69
-0.082955 -0.052303 0.416000 51 65 69
-0.082075 -0.052429 0.417000 46 63 66
-0.081190 -0.052555 0.418000 47 64 67
-0.080300 -0.052680 0.419000 48 67 67
-0.079405 -0.052806 0.420000 49 66 67
-0.078505 -0.052932 0.421000 51 65 67
-0.077599 -0.053057 0.422000 51 65 67
-0.076689 -0.053183 0.423000 53 64 64
-0.075773 -0.053309 0.424000 54 65 65
-0.074852 -0.053435 0.425000 52 63 59
-0.073926 -0.053560 0.426000 52 63 59
-0.072994 -0.053686 0.427000 51 58 50
-0.072058 -0.053812 0.428000 52 57 47
-0.071116 -0.053938 0.429000 59 61 45
-0.070333 -0.054189 0.431000 60 62 46
-0.069217 -0.054189 0.431000 67 67 43
-0.068102 -0.054189 0.431000 67 67 43
-0.066987 -0.054189 0.431000 66 69 44
-0.065872 -0.054189 0.431000 66 69 44
-0.064606 -0.054063 0.430000 67 70 45
-0.063346 -0.053938 0.429000 72 75 50
-0.061946 -0.053686 0.427000 80 78 57
-0.057944 -0.053057 0.422000 116 109 90
-0.056583 -0.052806 0.420000 111 104 85
-0.055364 -0.052680 0.419000 182 151 97
-0.054150 -0.052555 0.418000 215 181 89
-0.053196 -0.052680 0.419000 254 208 40
-0.052112 -0.052680 0.419000 253 214 10
-0.050906 -0.052555 0.418000 255 216 12
-0.048859 -0.052680 0.419000 255 253 4
-0.046802 -0.052806 0.420000 254 255 0
-0.045606 -0.052680 0.419000 255 255 2
-0.044628 -0.052806 0.420000 255 255 25
-0.043542 -0.052806 0.420000 255 255 48
-0.042455 -0.052806 0.420000 255 255 63
-0.040377 -0.052932 0.421000 255 255 75
-0.039195 -0.052806 0.420000 255 255 80
-0.036933 -0.052680 0.419000 255 255 107
-0.035763 -0.052555 0.418000 255 255 110
-0.034599 -0.052429 0.417000 255 255 157
-0.033439 -0.052303 0.416000 255 255 160
-0.032285 -0.052177 0.415000 251 255 127
-0.031211 -0.052177 0.415000 251 255 114
-0.030065 -0.052052 0.414000 250 255 113
-0.028993 -0.052052 0.414000 251 255 110
-0.027922 -0.052052 0.414000 250 255 94
-0.026851 -0.052052 0.414000 249 255 46
-0.025780 -0.052052 0.414000 250 255 10
-0.024708 -0.052052 0.414000 247 255 7
-0.023637 -0.052052 0.414000 239 237 0
-0.022620 -0.052177 0.415000 252 230 0
-0.021599 -0.052303 0.416000 246 212 0
-0.020719 -0.052806 0.420000 244 210 0
-0.131105 -0.051965 0.422000 60 71 67
-0.130013 -0.051965 0.422000 54 67 62
-0.127829 -0.051965 0.422000 73 80 72
-0.126437 -0.051842 0.421000 105 106 95
-0.125050 -0.051719 0.420000 108 106 96
-0.123668 -0.051596 0.419000 114 119 107
-0.122584 -0.051596 0.419000 112 117 105
-0.121210 -0.051473 0.418000 95 100 90
-0.120128 -0.051473 0.418000 50 52 43
-0.118762 -0.051350 0.417000 51 52 43
-0.115247 -0.051227 0.416000 45 46 40
-0.114171 -0.051227 0.416000 45 46 42
-0.112823 -0.051103 0.415000 53 52 54
-0.111480 -0.050980 0.414000 51 45 47
-0.110408 -0.050980 0.414000 50 44 46
-0.109337 -0.050980 0.414000 82 68 64
-0.108004 -0.050857 0.413000 95 91 80
-0.106936 -0.050857 0.413000 107 105 84
-0.105867 -0.050857 0.413000 117 114 84
-0.104545 -0.050734 0.412000 122 119 89
-0.103479 -0.050734 0.412000 117 112 81
-0.102413 -0.050734 0.412000 121 114 83
-0.101346 -0.050734 0.412000 117 110 79
-0.100280 -0.050734 0.412000 117 110 79
-0.099214 -0.050734 0.412000 117 110 79
-0.098148 -0.050734 0.412000 112 107 74
-0.096846 -0.050611 0.411000 129 124 91
-0.095783 -0.050611 0.411000 117 111 75
-0.094720 -0.050611 0.411000 116 110 74
-0.093656 -0.050611 0.411000 118 112 76
-0.092593 -0.050611 0.411000 117 111 75
-0.091529 -0.050611 0.411000 116 110 72
-0.090686 -0.050734 0.412000 116 110 72
-0.089620 -0.050734 0.412000 117 111 73
-0.088768 -0.050857 0.413000 116 110 74
-0.087912 -0.050980 0.414000 118 111 78
-0.087051 -0.051103 0.415000 125 124 96
-0.085977 -0.051103 0.415000 66 68 59
-0.085108 -0.051227 0.416000 62 64 55
-0.084233 -0.051350 0.417000 55 61 63
-0.083354 -0.051473 0.418000 54 61 67
-0.082469 -0.051596 0.419000 51 61 64
-0.081579 -0.051719 0.420000 51 61 64
-0.080684 -0.051842 0.421000 56 69 68
-0.079783 -0.051965 0.422000 50 65 62
-0.078691 -0.051965 0.422000 49 64 59
-0.077783 -0.052089 0.423000 48 63 58
-0.076870 -0.052212 0.424000 52 65 60
-0.075952 -0.052335 0.425000 51 63 55
-0.075028 -0.052458 0.426000 50 59 50
-0.074099 -0.052581 0.427000 53 62 55
-0.073165 -0.052704 0.428000 55 57 48
-0.072226 -0.052827 0.429000 55 57 46
-0.071116 -0.052827 0.429000 61 64 46
-0.070333 -0.053074 0.431000 69 69 45
-0.069217 -0.053074 0.431000 69 69 45
-0.068102 -0.053074 0.431000 70 70 46
-0.066831 -0.052951 0.430000 67 70 45
-0.065719 -0.052951 0.430000 66 69 44
-0.064456 -0.052827 0.429000 68 71 46
-0.058896 -0.051842 0.421000 109 97 81
-0.057532 -0.051596 0.419000 124 103 70
-0.056314 -0.051473 0.418000 154 133 100
-0.055232 -0.051473 0.418000 236 196 84
-0.054021 -0.051350 0.417000 249 212 12
-0.050906 -0.051473 0.418000 255 251 13
-0.048742 -0.051473 0.418000 254 255 2
-0.046691 -0.051596 0.419000 255 255 21
-0.045606 -0.051596 0.419000 255 255 23
-0.044522 -0.051596 0.419000 255 255 51
-0.042354 -0.051596 0.419000 255 255 74
-0.040281 -0.051719 0.420000 255 255 79
-0.039195 -0.051719 0.420000 255 255 85
-0.038017 -0.051596 0.419000 255 255 109
-0.035763 -0.051473 0.418000 255 255 162
-0.034599 -0.051350 0.417000 255 255 186
-0.033359 -0.051103 0.415000 251 255 149
-0.032285 -0.051103 0.415000 251 255 121
-0.031136 -0.050980 0.414000 249 255 111
-0.030065 -0.050980 0.414000 248 255 110
-0.028923 -0.050857 0.413000 250 255 92
-0.027855 -0.050857 0.413000 245 255 71
-0.026786 -0.050857 0.413000 249 255 23
-0.025717 -0.050857 0.413000 248 255 1
-0.024649 -0.050857 0.413000 247 255 0
-0.023637 -0.050980 0.414000 240 236 0
-0.022566 -0.050980 0.414000 253 231 0
-0.021547 -0.051103 0.415000 250 216 0
-0.020670 -0.051596 0.419000 248 214 0
-0.019773 -0.052089 0.423000 245 207 0
-0.130484 -0.050632 0.420000 66 75 68
-0.128616 -0.050753 0.421000 59 71 63
-0.122876 -0.050632 0.420000 108 110 99
-0.121500 -0.050512 0.419000 86 94 81
-0.120415 -0.050512 0.419000 58 62 55
-0.119046 -0.050391 0.418000 58 62 55
-0.117965 -0.050391 0.418000 60 62 53
-0.115525 -0.050271 0.417000 50 48 40
-0.114446 -0.050271 0.417000 47 48 39
-0.113095 -0.050150 0.416000 46 47 38
-0.112018 -0.050150 0.416000 47 48 39
-0.110675 -0.050030 0.415000 46 47 38
-0.109601 -0.050030 0.415000 53 51 43
-0.108266 -0.049909 0.414000 70 65 61
-0.107195 -0.049909 0.414000 54 50 41
-0.106123 -0.049909 0.414000 47 43 32
-0.104798 -0.049789 0.413000 51 47 36
-0.103730 -0.049789 0.413000 83 71 53
-0.102661 -0.049789 0.413000 74 65 46
-0.101592 -0.049789 0.413000 92 90 67
-0.100524 -0.049789 0.413000 106 106 82
-0.099455 -0.049789 0.413000 111 111 87
-0.098386 -0.049789 0.413000 115 110 88
-0.097318 -0.049789 0.413000 117 111 87
-0.096249 -0.049789 0.413000 115 109 83
-0.095180 -0.049789 0.413000 116 110 84
-0.094112 -0.049789 0.413000 116 110 84
-0.093043 -0.049789 0.413000 128 123 94
-0.091974 -0.049789 0.413000 115 111 73
-0.090906 -0.049789 0.413000 118 112 74
-0.089837 -0.049789 0.413000 118 112 74
-0.088983 -0.049909 0.414000 114 108 72
-0.088125 -0.050030 0.415000 113 106 75
-0.087260 -0.050150 0.416000 124 119 97
-0.086184 -0.050150 0.416000 65 66 55
-0.085517 -0.050391 0.418000 63 64 53
-0.084435 -0.050391 0.418000 57 60 59
-0.083553 -0.050512 0.419000 56 62 62
-0.082666 -0.050632 0.420000 54 62 63
-0.081773 -0.050753 0.421000 54 62 63
-0.080875 -0.050874 0.422000 54 65 63
-0.079783 -0.050874 0.422000 53 64 60
-0.079064 -0.051115 0.424000 55 65 53
-0.077967 -0.051115 0.424000 49 59 47
-0.077051 -0.051235 0.425000 52 62 48
-0.075952 -0.051235 0.425000 52 62 50
-0.075028 -0.051356 0.426000 54 62 49
-0.074099 -0.051476 0.427000 51 59 46
-0.073165 -0.051597 0.428000 60 62 49
-0.072226 -0.051717 0.429000 62 65 49
-0.071282 -0.051838 0.430000 65 67 49
-0.070333 -0.051959 0.431000 70 70 46
-0.069217 -0.051959 0.431000 71 71 47
-0.067944 -0.051838 0.430000 76 79 54
-0.066831 -0.051838 0.430000 68 72 44
-0.065566 -0.051717 0.429000 69 73 45
-0.058757 -0.050632 0.420000 161 129 57
-0.057395 -0.050391 0.418000 229 189 24
-0.055100 -0.050271 0.417000 255 230 15
-0.054021 -0.050271 0.417000 251 231 0
-0.053069 -0.050391 0.418000 255 251 7
-0.052112 -0.050512 0.419000 255 255 9
-0.051027 -0.050512 0.419000 255 254 6
-0.046691 -0.050512 0.419000 255 255 39
-0.045606 -0.050512 0.419000 255 255 40
-0.044522 -0.050512 0.419000 255 255 65
-0.043438 -0.050512 0.419000 255 255 78
-0.042354 -0.050512 0.419000 255 255 80
-0.040281 -0.050632 0.420000 255 255 82
-0.039195 -0.050632 0.420000 255 255 93
-0.038017 -0.050512 0.419000 255 255 131
-0.034516 -0.050150 0.416000 253 254 175
-0.033359 -0.050030 0.415000 248 255 134
-0.032207 -0.049909 0.414000 250 255 116
-0.031136 -0.049909 0.414000 249 255 101
-0.030065 -0.049909 0.414000 248 255 100
-0.028923 -0.049789 0.413000 248 255 73
-0.027855 -0.049789 0.413000 247 255 32
-0.026786 -0.049789 0.413000 248 255 4
-0.025717 -0.049789 0.413000 251 255 0
-0.024649 -0.049789 0.413000 243 247 0
-0.023580 -0.049789 0.413000 244 235 0
-0.022511 -0.049789 0.413000 247 225 0
-0.021495 -0.049909 0.414000 249 219 0
-0.120415 -0.049428 0.419000 71 78 70
-0.119331 -0.049428 0.419000 70 77 69
-0.118247 -0.049428 0.419000 59 63 56
-0.116883 -0.049310 0.418000 56 60 53
-0.115802 -0.049310 0.418000 57 58 52
-0.114720 -0.049310 0.418000 53 55 46
-0.113638 -0.049310 0.418000 49 54 42
-0.112287 -0.049192 0.417000 46 48 37
-0.110942 -0.049074 0.416000 44 46 35
-0.109865 -0.049074 0.416000 48 49 38
-0.108789 -0.049074 0.416000 50 48 40
-0.107454 -0.048956 0.415000 47 45 37
-0.106380 -0.048956 0.415000 54 50 43
-0.105052 -0.048838 0.414000 48 44 37
-0.103981 -0.048838 0.414000 63 50 39
-0.102910 -0.048838 0.414000 67 57 43
-0.101838 -0.048838 0.414000 54 48 33
-0.100767 -0.048838 0.414000 57 60 44
-0.099937 -0.048956 0.415000 54 57 41
-0.098863 -0.048956 0.415000 65 59 46
-0.097553 -0.048838 0.414000 80 72 60
-0.094340 -0.048838 0.414000 84 76 64
-0.093268 -0.048838 0.414000 84 77 60
-0.092197 -0.048838 0.414000 69 62 41
-0.091126 -0.048838 0.414000 71 59 39
-0.090055 -0.048838 0.414000 73 61 41
-0.089198 -0.048956 0.415000 77 68 47
-0.088337 -0.049074 0.416000 58 52 37
-0.087470 -0.049192 0.417000 67 67 47
-0.086598 -0.049310 0.418000 63 63 43
-0.085721 -0.049428 0.419000 63 63 43
-0.084839 -0.049546 0.420000 63 62 45
-0.083952 -0.049664 0.421000 62 61 46
-0.083059 -0.049782 0.422000 60 58 48
-0.081967 -0.049782 0.422000 57 55 45
-0.081067 -0.049900 0.423000 56 54 46
-0.080162 -0.050018 0.424000 57 55 43
-0.079064 -0.050018 0.424000 62 59 45
-0.078151 -0.050135 0.425000 61 58 44
-0.077233 -0.050253 0.426000 62 62 42
-0.076130 -0.050253 0.426000 63 63 43
-0.075204 -0.050371 0.427000 64 64 44
-0.074099 -0.050371 0.427000 67 67 47
-0.073165 -0.050489 0.428000 69 68 51
-0.072226 -0.050607 0.429000 71 69 50
-0.071116 -0.050607 0.429000 73 68 50
-0.070169 -0.050725 0.430000 73 68 46
-0.069217 -0.050843 0.431000 73 68 46
-0.067944 -0.050725 0.430000 78 79 52
-0.066676 -0.050607 0.429000 72 76 48
-0.061220 -0.049782 0.422000 112 95 56
-0.059843 -0.049546 0.420000 177 147 74
-0.058477 -0.049310 0.418000 215 171 40
-0.054021 -0.049192 0.417000 255 246 2
-0.053069 -0.049310 0.418000 255 252 3
-0.052112 -0.049428 0.419000 255 255 6
-0.051027 -0.049428 0.419000 255 254 4
-0.049943 -0.049428 0.419000 254 255 4
-0.048859 -0.049428 0.419000 255 255 28
-0.046691 -0.049428 0.419000 255 255 83
-0.045606 -0.049428 0.419000 255 255 84
-0.044522 -0.049428 0.419000 255 255 101
-0.043438 -0.049428 0.419000 255 255 100
-0.042354 -0.049428 0.419000 254 255 99
-0.041270 -0.049428 0.419000 255 255 102
-0.040185 -0.049428 0.419000 255 255 103
-0.035763 -0.049310 0.418000 255 255 184
-0.034516 -0.049074 0.416000 252 255 158
-0.033359 -0.048956 0.415000 248 255 126
-0.032285 -0.048956 0.415000 250 255 110
-0.031136 -0.048838 0.414000 249 255 75
-0.030065 -0.048838 0.414000 249 255 36
-0.028923 -0.048720 0.413000 247 255 34
-0.027855 -0.048720 0.413000 250 255 12
-0.026786 -0.048720 0.413000 247 255 2
-0.025717 -0.048720 0.413000 245 243 0
-0.024649 -0.048720 0.413000 240 238 0
-0.023580 -0.048720 0.413000 247 230 0
-0.022511 -0.048720 0.413000 247 223 0
-0.129552 -0.048113 0.417000 117 112 92
-0.128473 -0.048113 0.417000 100 91 82
-0.120415 -0.048343 0.419000 68 77 68
-0.119331 -0.048343 0.419000 65 72 64
-0.118247 -0.048343 0.419000 60 64 57
-0.117163 -0.048343 0.419000 57 61 54
-0.116079 -0.048343 0.419000 57 62 52
-0.114994 -0.048343 0.419000 55 60 50
-0.113638 -0.048228 0.418000 50 58 45
-0.112557 -0.048228 0.418000 48 56 43
-0.111208 -0.048113 0.417000 48 56 43
-0.110129 -0.048113 0.417000 48 53 39
-0.109050 -0.048113 0.417000 50 52 39
-0.107713 -0.047997 0.416000 46 48 35
-0.106636 -0.047997 0.416000 48 46 34
-0.105560 -0.047997 0.416000 49 47 35
-0.104483 -0.047997 0.416000 51 43 31
-0.103158 -0.047882 0.415000 55 47 35
-0.102330 -0.047997 0.416000 49 46 30
-0.101254 -0.047997 0.416000 53 52 35
-0.100178 -0.047997 0.416000 50 49 32
-0.099101 -0.047997 0.416000 54 51 37
-0.098025 -0.047997 0.416000 61 57 48
-0.096948 -0.047997 0.416000 59 52 44
-0.094795 -0.047997 0.416000 54 47 39
-0.093719 -0.047997 0.416000 60 53 45
-0.092643 -0.047997 0.416000 66 58 46
-0.091566 -0.047997 0.416000 60 50 36
-0.090490 -0.047997 0.416000 68 58 44
-0.089413 -0.047997 0.416000 62 54 40
-0.088549 -0.048113 0.417000 63 57 42
-0.087680 -0.048228 0.418000 64 58 43
-0.086806 -0.048343 0.419000 64 61 45
-0.086131 -0.048574 0.421000 58 58 38
-0.085243 -0.048690 0.422000 59 57 36
-0.084151 -0.048690 0.422000 61 56 38
-0.083256 -0.048805 0.423000 63 57 42
-0.082356 -0.048920 0.424000 58 52 37
-0.081259 -0.048920 0.424000 59 53 40
-0.080351 -0.049036 0.425000 61 58 42
-0.079437 -0.049151 0.426000 64 62 43
-0.078335 -0.049151 0.426000 65 63 44
-0.077233 -0.049151 0.426000 66 64 43
-0.076130 -0.049151 0.426000 69 69 45
-0.075028 -0.049151 0.426000 67 67 45
-0.074099 -0.049267 0.427000 69 69 47
-0.072994 -0.049267 0.427000 70 70 48
-0.071890 -0.049267 0.427000 72 67 47
-0.070950 -0.049382 0.428000 75 68 49
-0.069843 -0.049382 0.428000 75 68 47
-0.068736 -0.049382 0.428000 75 68 47
-0.062165 -0.048574 0.421000 198 159 16
-0.060930 -0.048459 0.420000 226 187 44
-0.059558 -0.048228 0.418000 253 217 26
-0.056044 -0.047997 0.416000 255 254 6
-0.054021 -0.048113 0.417000 255 255 2
-0.053196 -0.048343 0.419000 255 255 0
-0.052236 -0.048459 0.420000 254 255 2
-0.051149 -0.048459 0.420000 255 255 5
-0.049943 -0.048343 0.419000 255 255 38
-0.048859 -0.048343 0.419000 255 255 61
-0.046691 -0.048343 0.419000 255 255 98
-0.045606 -0.048343 0.419000 255 255 99
-0.044522 -0.048343 0.419000 255 255 106
-0.043438 -0.048343 0.419000 255 255 110
-0.042354 -0.048343 0.419000 253 255 109
-0.041270 -0.048343 0.419000 255 255 131
-0.040185 -0.048343 0.419000 255 255 117
-0.039101 -0.048343 0.419000 255 255 155
-0.036845 -0.048228 0.418000 255 255 184
-0.035763 -0.048228 0.418000 255 255 183
-0.034516 -0.047997 0.416000 251 255 149
-0.033359 -0.047882 0.415000 248 255 126
-0.032285 -0.047882 0.415000 250 255 102
-0.031136 -0.047767 0.414000 248 255 59
-0.030065 -0.047767 0.414000 248 255 25
-0.028923 -0.047651 0.413000 247 255 24
-0.027855 -0.047651 0.413000 249 255 4
-0.026786 -0.047651 0.413000 249 255 0
-0.025717 -0.047651 0.413000 251 248 0
-0.024649 -0.047651 0.413000 238 235 0
-0.129241 -0.046921 0.416000 95 81 64
-0.128165 -0.046921 0.416000 146 135 112
-0.120703 -0.047372 0.420000 72 76 69
-0.119616 -0.047372 0.420000 69 74 64
-0.118529 -0.047372 0.420000 60 65 53
-0.117442 -0.047372 0.420000 58 63 51
-0.116356 -0.047372 0.420000 55 63 48
-0.115269 -0.047372 0.420000 53 61 46
-0.113910 -0.047259 0.419000 55 63 48
-0.112826 -0.047259 0.419000 50 58 43
-0.111475 -0.047147 0.418000 51 59 44
-0.110394 -0.047147 0.418000 52 57 43
-0.109312 -0.047147 0.418000 56 58 42
-0.107971 -0.047034 0.417000 53 55 37
-0.106892 -0.047034 0.417000 56 55 38
-0.105813 -0.047034 0.417000 49 51 35
-0.104734 -0.047034 0.417000 51 48 34
-0.103407 -0.046921 0.416000 52 49 33
-0.102576 -0.047034 0.417000 48 47 30
-0.101497 -0.047034 0.417000 51 50 33
-0.100418 -0.047034 0.417000 51 53 35
-0.099339 -0.047034 0.417000 50 49 32
-0.098260 -0.047034 0.417000 50 49 34
-0.095023 -0.047034 0.417000 54 51 37
-0.093944 -0.047034 0.417000 60 53 43
-0.093088 -0.047147 0.418000 62 54 42
-0.092006 -0.047147 0.418000 58 50 38
-0.090925 -0.047147 0.418000 61 53 41
-0.089843 -0.047147 0.418000 59 53 38
-0.088974 -0.047259 0.419000 60 54 39
-0.088309 -0.047485 0.421000 63 57 42
-0.087427 -0.047598 0.422000 63 57 42
-0.086540 -0.047710 0.423000 59 57 38
-0.085647 -0.047823 0.424000 59 57 36
-0.084550 -0.047823 0.424000 60 55 33
-0.083650 -0.047936 0.425000 60 55 33
-0.082744 -0.048049 0.426000 71 64 43
-0.081642 -0.048049 0.426000 72 65 44
-0.080540 -0.048049 0.426000 71 66 44
-0.079437 -0.048049 0.426000 70 65 43
-0.078335 -0.048049 0.426000 72 67 45
-0.077051 -0.047936 0.425000 74 70 45
-0.075952 -0.047936 0.425000 75 71 46
-0.074852 -0.047936 0.425000 72 68 43
-0.073752 -0.047936 0.425000 73 69 44
-0.072653 -0.047936 0.425000 73 69 44
-0.071385 -0.047823 0.424000 77 73 46
-0.061722 -0.047147 0.418000 250 212 0
-0.060495 -0.047034 0.417000 255 218 26
-0.059416 -0.047034 0.417000 255 223 9
-0.057121 -0.046921 0.416000 255 245 3
-0.056044 -0.046921 0.416000 255 253 1
-0.054968 -0.046921 0.416000 255 254 2
-0.054021 -0.047034 0.417000 255 255 0
-0.053069 -0.047147 0.418000 254 255 0
-0.052112 -0.047259 0.419000 255 255 10
-0.051149 -0.047372 0.420000 255 255 13
-0.049943 -0.047259 0.419000 255 255 53
-0.048742 -0.047147 0.418000 255 255 70
-0.046691 -0.047259 0.419000 255 255 94
-0.045498 -0.047147 0.418000 255 255 95
-0.044416 -0.047147 0.418000 255 255 103
-0.043334 -0.047147 0.418000 255 255 110
-0.042253 -0.047147 0.418000 254 255 116
-0.041270 -0.047259 0.419000 255 255 153
-0.040185 -0.047259 0.419000 255 255 154
-0.039008 -0.047147 0.418000 255 255 182
-0.037926 -0.047147 0.418000 255 255 188
-0.036845 -0.047147 0.418000 254 255 166
-0.035678 -0.047034 0.417000 251 255 131
-0.034516 -0.046921 0.416000 249 255 129
-0.033359 -0.046808 0.415000 249 255 117
-0.032207 -0.046695 0.414000 250 255 82
-0.031136 -0.046695 0.414000 248 255 43
-0.030065 -0.046695 0.414000 246 255 10
-0.028923 -0.046583 0.413000 246 255 10
-0.027855 -0.046583 0.413000 248 255 0
-0.026786 -0.046583 0.413000 248 252 0
-0.129241 -0.045845 0.416000 90 79 72
-0.128165 -0.045845 0.416000 109 94 84
-0.126783 -0.045734 0.415000 110 100 88
-0.125709 -0.045734 0.415000 98 88 76
-0.119901 -0.046396 0.421000 67 68 62
-0.118811 -0.046396 0.421000 61 63 52
-0.117722 -0.046396 0.421000 61 63 52
-0.116356 -0.046285 0.420000 56 61 47
-0.115269 -0.046285 0.420000 56 61 47
-0.114182 -0.046285 0.420000 57 63 46
-0.113095 -0.046285 0.420000 58 61 45
-0.111742 -0.046175 0.419000 57 60 44
-0.110658 -0.046175 0.419000 55 58 42
-0.109573 -0.046175 0.419000 58 60 44
-0.108489 -0.046175 0.419000 59 62 41
-0.107149 -0.046065 0.418000 54 57 36
-0.106067 -0.046065 0.418000 54 57 36
-0.104986 -0.046065 0.418000 53 56 35
-0.103904 -0.046065 0.418000 51 54 33
-0.102822 -0.046065 0.418000 54 57 36
-0.101741 -0.046065 0.418000 54 57 36
-0.100900 -0.046175 0.419000 56 56 36
-0.099816 -0.046175 0.419000 54 54 32
-0.098732 -0.046175 0.419000 54 54 32
-0.097647 -0.046175 0.419000 58 58 36
-0.096563 -0.046175 0.419000 60 60 38
-0.095479 -0.046175 0.419000 56 56 32
-0.094620 -0.046285 0.420000 55 53 32
-0.093533 -0.046285 0.420000 59 54 34
-0.092447 -0.046285 0.420000 59 57 36
-0.091360 -0.046285 0.420000 62 60 39
-0.090273 -0.046285 0.420000 61 59 36
-0.089611 -0.046506 0.422000 57 55 34
-0.088729 -0.046616 0.423000 62 60 39
-0.087841 -0.046726 0.424000 62 60 39
-0.086949 -0.046836 0.425000 62 62 38
-0.086051 -0.046947 0.426000 62 62 38
-0.084949 -0.046947 0.426000 64 65 38
-0.084043 -0.047057 0.427000 65 66 39
-0.082744 -0.046947 0.426000 68 69 42
-0.081642 -0.046947 0.426000 72 68 43
-0.080540 -0.046947 0.426000 72 71 45
-0.079437 -0.046947 0.426000 70 69 43
-0.078151 -0.046836 0.425000 71 70 44
-0.076870 -0.046726 0.424000 75 74 48
-0.075594 -0.046616 0.423000 74 70 45
-0.074324 -0.046506 0.422000 75 71 46
-0.073232 -0.046506 0.422000 75 69 45
-0.061574 -0.045955 0.417000 255 223 4
-0.060495 -0.045955 0.417000 255 223 4
-0.059273 -0.045845 0.416000 255 241 8
-0.056983 -0.045734 0.415000 255 255 0
-0.056044 -0.045845 0.416000 255 255 2
-0.054968 -0.045845 0.416000 255 255 2
-0.053891 -0.045845 0.416000 255 255 8
-0.053069 -0.046065 0.418000 255 255 17
-0.051987 -0.046065 0.418000 255 254 49
-0.050906 -0.046065 0.418000 255 255 51
-0.049705 -0.045955 0.417000 255 255 73
-0.048742 -0.046065 0.418000 255 255 87
-0.047661 -0.046065 0.418000 255 255 94
-0.046579 -0.046065 0.418000 255 255 100
-0.045498 -0.046065 0.418000 255 255 101
-0.044416 -0.046065 0.418000 255 255 108
-0.043231 -0.045955 0.417000 255 255 125
-0.042253 -0.046065 0.418000 255 255 162
-0.041171 -0.046065 0.418000 255 255 195
-0.039994 -0.045955 0.417000 255 255 195
-0.037836 -0.045955 0.417000 252 255 168
-0.036668 -0.045845 0.416000 249 255 131
-0.035592 -0.045845 0.416000 250 255 112
-0.034433 -0.045734 0.415000 249 255 121
-0.033278 -0.045624 0.414000 249 255 105
-0.032207 -0.045624 0.414000 250 255 65
-0.031136 -0.045624 0.414000 249 255 34
-0.029992 -0.045514 0.413000 248 255 4
-0.028923 -0.045514 0.413000 248 255 4
-0.128930 -0.044660 0.415000 85 80 76
-0.127857 -0.044660 0.415000 90 82 79
-0.126783 -0.044660 0.415000 91 82 77
-0.125709 -0.044660 0.415000 95 86 81
-0.119094 -0.045414 0.422000 58 66 53
-0.118002 -0.045414 0.422000 55 63 50
-0.116633 -0.045306 0.421000 54 62 47
-0.115543 -0.045306 0.421000 56 64 49
-0.114454 -0.045306 0.421000 56 65 47
-0.113365 -0.045306 0.421000 57 63 46
-0.112009 -0.045199 0.420000 55 61 44
-0.110922 -0.045199 0.420000 60 62 46
-0.109835 -0.045199 0.420000 60 62 46
-0.108748 -0.045199 0.420000 59 61 43
-0.107661 -0.045199 0.420000 59 62 41
-0.106575 -0.045199 0.420000 58 61 40
-0.105488 -0.045199 0.420000 59 63 42
-0.104401 -0.045199 0.420000 58 62 41
-0.103314 -0.045199 0.420000 54 57 39
-0.102228 -0.045199 0.420000 55 58 40
-0.101382 -0.045306 0.421000 55 58 40
-0.100292 -0.045306 0.421000 55 58 35
-0.099203 -0.045306 0.421000 53 56 33
-0.097880 -0.045199 0.420000 56 59 36
-0.097024 -0.045306 0.421000 58 61 38
-0.095935 -0.045306 0.421000 58 61 36
-0.094845 -0.045306 0.421000 59 57 34
-0.093979 -0.045414 0.422000 62 60 37
-0.092887 -0.045414 0.422000 59 57 34
-0.091795 -0.045414 0.422000 62 60 37
-0.090918 -0.045521 0.423000 62 61 35
-0.090036 -0.045629 0.424000 58 56 33
-0.089148 -0.045737 0.425000 61 61 39
-0.088256 -0.045844 0.426000 61 61 39
-0.087358 -0.045952 0.427000 62 62 38
-0.086253 -0.045952 0.427000 63 63 39
-0.085348 -0.046059 0.428000 64 65 38
-0.084240 -0.046059 0.428000 67 68 41
-0.082938 -0.045952 0.427000 68 69 42
-0.081834 -0.045952 0.427000 72 73 46
-0.080540 -0.045844 0.426000 72 73 46
-0.079251 -0.045737 0.425000 71 72 45
-0.077967 -0.045629 0.424000 72 73 46
-0.076508 -0.045414 0.422000 72 73 46
-0.075237 -0.045306 0.421000 72 76 48
-0.073971 -0.045199 0.420000 73 72 44
-0.062503 -0.044768 0.416000 250 222 0
-0.061574 -0.044876 0.417000 246 231 0
-0.059416 -0.044876 0.417000 255 255 0
-0.057121 -0.044768 0.416000 254 255 2
-0.056044 -0.044768 0.416000 255 255 19
-0.054021 -0.044876 0.417000 255 255 18
-0.053069 -0.044983 0.418000 255 255 33
-0.051987 -0.044983 0.418000 255 255 61
-0.050784 -0.044876 0.417000 255 255 82
-0.049824 -0.044983 0.418000 255 255 84
-0.048742 -0.044983 0.418000 255 255 97
-0.047661 -0.044983 0.418000 255 255 105
-0.046579 -0.044983 0.418000 254 255 107
-0.045498 -0.044983 0.418000 254 255 107
-0.044416 -0.044983 0.418000 255 255 119
-0.043231 -0.044876 0.417000 255 255 146
-0.042152 -0.044876 0.417000 255 255 184
-0.041073 -0.044876 0.417000 255 255 207
-0.039994 -0.044876 0.417000 255 255 206
-0.038821 -0.044768 0.416000 251 253 188
-0.036580 -0.044660 0.415000 248 255 122
-0.035506 -0.044660 0.415000 250 255 106
-0.034350 -0.044553 0.414000 249 255 105
-0.033198 -0.044445 0.413000 245 255 71
-0.032129 -0.044445 0.413000 247 255 26
-0.127857 -0.043587 0.415000 72 84 74
-0.126477 -0.043482 0.414000 73 81 70
-0.125406 -0.043482 0.414000 100 93 85
-0.118002 -0.044322 0.422000 55 63 52
-0.116910 -0.044322 0.422000 55 63 48
-0.115818 -0.044322 0.422000 55 63 48
-0.114726 -0.044322 0.422000 56 65 47
-0.113365 -0.044217 0.421000 51 59 44
-0.112275 -0.044217 0.421000 53 61 46
-0.111186 -0.044217 0.421000 60 63 47
-0.110096 -0.044217 0.421000 60 62 46
-0.109007 -0.044217 0.421000 61 62 49
-0.107918 -0.044217 0.421000 61 62 49
-0.106828 -0.044217 0.421000 59 61 45
-0.105739 -0.044217 0.421000 61 63 45
-0.104650 -0.044217 0.421000 61 63 45
-0.103560 -0.044217 0.421000 57 60 44
-0.102471 -0.044217 0.421000 60 63 47
-0.101622 -0.044322 0.422000 58 61 43
-0.100530 -0.044322 0.422000 58 61 40
-0.099439 -0.044322 0.422000 63 61 42
-0.098347 -0.044322 0.422000 61 59 38
-0.097255 -0.044322 0.422000 63 61 40
-0.096163 -0.044322 0.422000 68 66 43
-0.095296 -0.044427 0.423000 71 63 39
-0.094201 -0.044427 0.423000 64 58 34
-0.093107 -0.044427 0.423000 66 60 36
-0.092230 -0.044532 0.424000 66 62 37
-0.091133 -0.044532 0.424000 64 63 37
-0.090460 -0.044742 0.426000 63 64 37
-0.089568 -0.044847 0.427000 63 63 39
-0.088670 -0.044952 0.428000 64 64 40
-0.087767 -0.045057 0.429000 64 64 40
-0.086657 -0.045057 0.429000 65 65 41
-0.085348 -0.044952 0.428000 65 66 39
-0.084437 -0.045057 0.429000 67 68 41
-0.082938 -0.044847 0.427000 80 81 52
-0.081834 -0.044847 0.427000 76 75 47
-0.080540 -0.044742 0.426000 76 77 50
-0.079064 -0.044532 0.424000 78 79 52
-0.077783 -0.044427 0.423000 77 78 51
-0.070943 -0.043587 0.415000 86 72 37
-0.066327 -0.043377 0.413000 255 221 27
-0.065416 -0.043482 0.414000 254 223 1
-0.064345 -0.043482 0.414000 254 223 1
-0.063579 -0.043692 0.416000 250 226 0
-0.062503 -0.043692 0.416000 255 248 6
-0.061722 -0.043902 0.418000 255 255 2
-0.060785 -0.044007 0.419000 255 255 2
-0.059558 -0.043902 0.418000 254 255 0
-0.058477 -0.043902 0.418000 254 255 2
-0.057395 -0.043902 0.418000 255 255 19
-0.056179 -0.043797 0.417000 255 255 42
-0.055100 -0.043797 0.417000 255 255 42
-0.054021 -0.043797 0.417000 255 255 52
-0.053069 -0.043902 0.418000 255 255 63
-0.051863 -0.043797 0.417000 255 255 86
-0.050906 -0.043902 0.418000 255 255 103
-0.049705 -0.043797 0.417000 255 255 103
-0.048742 -0.043902 0.418000 255 255 113
-0.046579 -0.043902 0.418000 255 255 127
-0.045498 -0.043902 0.418000 255 255 128
-0.044416 -0.043902 0.418000 255 255 152
-0.043334 -0.043902 0.418000 255 255 190
-0.042152 -0.043797 0.417000 255 255 208
-0.041073 -0.043797 0.417000 255 255 204
-0.039994 -0.043797 0.417000 255 255 202
-0.038915 -0.043797 0.417000 248 255 161
-0.037745 -0.043692 0.416000 248 255 128
-0.036580 -0.043587 0.415000 250 255 109
-0.035506 -0.043587 0.415000 251 255 87
-0.034350 -0.043482 0.414000 247 255 83
-0.033198 -0.043377 0.413000 246 255 41
-0.126477 -0.042410 0.414000 73 81 70
-0.125406 -0.042410 0.414000 91 87 78
-0.117187 -0.043332 0.423000 59 65 48
-0.116092 -0.043332 0.423000 57 63 44
-0.114998 -0.043332 0.423000 54 63 43
-0.113634 -0.043230 0.422000 55 64 44
-0.112542 -0.043230 0.422000 56 65 45
-0.111450 -0.043230 0.422000 56 65 47
-0.110358 -0.043230 0.422000 59 62 46
-0.109266 -0.043230 0.422000 63 62 47
-0.107918 -0.043127 0.421000 65 59 44
-0.106828 -0.043127 0.421000 66 60 45
-0.105739 -0.043127 0.421000 67 62 44
-0.104898 -0.043230 0.422000 66 64 45
-0.103806 -0.043230 0.422000 64 63 46
-0.102714 -0.043230 0.422000 63 62 45
-0.101622 -0.043230 0.422000 60 63 42
-0.100769 -0.043332 0.423000 61 64 43
-0.099674 -0.043332 0.423000 63 63 41
-0.098580 -0.043332 0.423000 62 62 40
-0.097485 -0.043332 0.423000 61 61 39
-0.096391 -0.043332 0.423000 65 65 43
-0.095521 -0.043435 0.424000 65 63 40
-0.094424 -0.043435 0.424000 67 61 37
-0.093327 -0.043435 0.424000 67 61 37
-0.092447 -0.043537 0.425000 66 65 39
-0.091348 -0.043537 0.425000 64 65 38
-0.090460 -0.043640 0.426000 64 65 38
-0.089778 -0.043845 0.428000 64 65 38
-0.088877 -0.043947 0.429000 65 66 39
-0.087767 -0.043947 0.429000 65 66 39
-0.086657 -0.043947 0.429000 68 69 42
-0.085547 -0.043947 0.429000 68 69 42
-0.084437 -0.043947 0.429000 70 71 44
-0.082938 -0.043742 0.427000 77 78 51
-0.081834 -0.043742 0.427000 75 74 46
-0.080540 -0.043640 0.426000 79 78 50
-0.079064 -0.043435 0.424000 80 79 51
-0.071670 -0.042308 0.413000 144 111 26
-0.070430 -0.042205 0.412000 172 137 12
-0.069027 -0.042001 0.410000 223 181 10
-0.066906 -0.042001 0.410000 255 218 17
-0.066005 -0.042103 0.411000 255 227 4
-0.065258 -0.042308 0.413000 255 242 0
-0.064345 -0.042410 0.414000 255 245 3
-0.056314 -0.042820 0.418000 255 255 99
-0.052942 -0.042718 0.417000 255 255 121
-0.051863 -0.042718 0.417000 254 255 121
-0.046579 -0.042820 0.418000 255 255 142
-0.045389 -0.042718 0.417000 255 255 143
-0.043231 -0.042718 0.417000 255 255 201
-0.042152 -0.042718 0.417000 255 255 213
-0.041073 -0.042718 0.417000 251 255 188
-0.039898 -0.042615 0.416000 249 255 186
-0.037654 -0.042513 0.415000 247 255 121
-0.125709 -0.041439 0.415000 78 75 70
-0.117187 -0.042238 0.423000 63 69 50
-0.116092 -0.042238 0.423000 59 66 44
-0.114998 -0.042238 0.423000 58 65 43
-0.113903 -0.042238 0.423000 57 67 44
-0.112809 -0.042238 0.423000 55 65 42
-0.111450 -0.042138 0.422000 59 65 46
-0.110358 -0.042138 0.422000 61 64 46
-0.109266 -0.042138 0.422000 65 64 47
-0.108174 -0.042138 0.422000 63 62 45
-0.107082 -0.042138 0.422000 65 60 42
-0.105990 -0.042138 0.422000 67 62 44
-0.104898 -0.042138 0.422000 66 64 45
-0.103806 -0.042138 0.422000 65 65 45
-0.102958 -0.042238 0.423000 64 64 44
-0.101863 -0.042238 0.423000 60 63 42
-0.101007 -0.042338 0.424000 63 66 43
-0.099674 -0.042238 0.423000 61 64 41
-0.098813 -0.042338 0.424000 62 65 42
-0.097485 -0.042238 0.423000 61 64 41
-0.096618 -0.042338 0.424000 64 64 40
-0.095521 -0.042338 0.424000 64 64 40
-0.094647 -0.042437 0.425000 63 61 38
-0.093547 -0.042437 0.425000 64 62 39
-0.092665 -0.042537 0.426000 65 63 40
-0.091563 -0.042537 0.426000 65 63 40
-0.090885 -0.042737 0.428000 66 65 39
-0.089987 -0.042837 0.429000 69 68 42
-0.088877 -0.042837 0.429000 72 68 43
-0.087972 -0.042937 0.430000 73 69 44
-0.086859 -0.042937 0.430000 71 70 44
-0.085547 -0.042837 0.429000 72 71 45
-0.084437 -0.042837 0.429000 75 74 48
-0.077232 -0.041938 0.420000 165 126 25
-0.073986 -0.041339 0.414000 222 180 25
-0.072386 -0.041040 0.411000 251 215 26
-0.070976 -0.040840 0.409000 255 230 19
-0.069746 -0.040740 0.408000 255 232 10
-0.068691 -0.040740 0.408000 255 233 6
-0.067635 -0.040740 0.408000 255 230 3
-0.066742 -0.040840 0.409000 255 237 4
-0.066005 -0.041040 0.411000 255 235 0
-0.065258 -0.041239 0.413000 255 250 2
-0.056044 -0.041539 0.416000 255 255 113
-0.054968 -0.041539 0.416000 255 255 113
-0.053891 -0.041539 0.416000 255 255 131
-0.052815 -0.041539 0.416000 255 255 137
-0.051738 -0.041539 0.416000 255 255 135
-0.046468 -0.041639 0.417000 255 255 164
-0.045280 -0.041539 0.416000 255 255 196
-0.044203 -0.041539 0.416000 255 255 198
-0.043127 -0.041539 0.416000 255 255 203
-0.042051 -0.041539 0.416000 253 255 184
-0.040974 -0.041539 0.416000 250 255 148
-0.039802 -0.041439 0.415000 249 255 147
-0.119376 -0.041143 0.423000 77 79 66
-0.118281 -0.041143 0.423000 71 73 60
-0.117464 -0.041241 0.424000 67 70 52
-0.116367 -0.041241 0.424000 65 68 47
-0.115270 -0.041241 0.424000 61 65 44
-0.113903 -0.041143 0.423000 66 69 48
-0.112809 -0.041143 0.423000 65 68 47
-0.111714 -0.041143 0.423000 63 66 45
-0.110620 -0.041143 0.423000 62 66 43
-0.109525 -0.041143 0.423000 60 64 39
-0.108430 -0.041143 0.423000 59 63 38
-0.107082 -0.041046 0.422000 60 63 38
-0.105990 -0.041046 0.422000 62 65 40
-0.105147 -0.041143 0.423000 64 64 40
-0.104052 -0.041143 0.423000 65 65 41
-0.102958 -0.041143 0.423000 65 65 41
-0.101863 -0.041143 0.423000 62 62 38
-0.101007 -0.041241 0.424000 64 64 42
-0.099674 -0.041143 0.423000 62 65 42
-0.098813 -0.041241 0.424000 63 66 43
-0.097485 -0.041143 0.423000 63 66 43
-0.096618 -0.041241 0.424000 62 65 42
-0.095521 -0.041241 0.424000 65 68 43
-0.094424 -0.041241 0.424000 63 66 41
-0.093547 -0.041338 0.425000 62 65 40
-0.092447 -0.041338 0.425000 63 67 39
-0.091563 -0.041435 0.426000 66 70 40
-0.090673 -0.041532 0.427000 70 70 39
-0.089987 -0.041727 0.429000 72 72 41
-0.089084 -0.041824 0.430000 97 91 65
-0.087767 -0.041727 0.429000 72 68 41
-0.076680 -0.040560 0.417000 231 190 14
-0.073450 -0.039976 0.411000 255 223 18
-0.072034 -0.039782 0.409000 255 230 9
-0.070629 -0.039587 0.407000 254 234 1
-0.069576 -0.039587 0.407000 252 232 0
-0.068522 -0.039587 0.407000 255 235 0
-0.067635 -0.039684 0.408000 255 237 2
-0.066906 -0.039879 0.410000 255 245 3
-0.066166 -0.040073 0.412000 255 254 6
-0.064500 -0.040365 0.415000 255 255 2
-0.062803 -0.040657 0.418000 254 255 0
-0.051490 -0.040268 0.414000 254 255 143
-0.045171 -0.040365 0.415000 255 255 196
-0.044097 -0.040365 0.415000 255 255 195
-0.122487 -0.039291 0.415000 80 85 73
-0.119901 -0.039859 0.421000 80 85 73
-0.119094 -0.039954 0.422000 111 107 96
-0.118281 -0.040049 0.423000 114 110 99
-0.117464 -0.040143 0.424000 108 103 83
-0.116367 -0.040143 0.424000 96 95 78
-0.115270 -0.040143 0.424000 69 70 57
-0.114172 -0.040143 0.424000 68 71 55
-0.113075 -0.040143 0.424000 66 69 53
-0.111714 -0.040049 0.423000 63 70 48
-0.110620 -0.040049 0.423000 62 69 45
-0.109525 -0.040049 0.423000 62 69 43
-0.108430 -0.040049 0.423000 58 65 39
-0.107336 -0.040049 0.423000 62 66 38
-0.106241 -0.040049 0.423000 65 66 39
-0.105147 -0.040049 0.423000 64 65 38
-0.104052 -0.040049 0.423000 67 68 41
-0.102958 -0.040049 0.423000 65 66 39
-0.101863 -0.040049 0.423000 63 64 37
-0.101007 -0.040143 0.424000 63 63 39
-0.099674 -0.040049 0.423000 64 64 42
-0.098580 -0.040049 0.423000 65 65 43
-0.097485 -0.040049 0.423000 65 65 43
-0.096618 -0.040143 0.424000 67 67 45
-0.095521 -0.040143 0.424000 68 68 46
-0.094424 -0.040143 0.424000 68 67 41
-0.093547 -0.040238 0.425000 68 67 41
-0.092447 -0.040238 0.425000 65 66 39
-0.091563 -0.040333 0.426000 69 70 41
-0.090673 -0.040427 0.427000 75 70 39
-0.089987 -0.040617 0.429000 83 68 38
-0.080875 -0.039954 0.422000 235 196 24
-0.079216 -0.039670 0.419000 251 217 16
-0.077573 -0.039386 0.416000 255 226 11
-0.069576 -0.038534 0.407000 252 243 0
-0.068522 -0.038534 0.407000 255 254 2
-0.067801 -0.038723 0.409000 255 253 1
-0.066906 -0.038818 0.410000 255 255 0
-0.066166 -0.039007 0.412000 255 255 2
-0.065416 -0.039197 0.414000 255 255 11
-0.064656 -0.039386 0.416000 255 255 10
-0.063579 -0.039386 0.416000 255 255 20
-0.062653 -0.039481 0.417000 255 255 50
-0.057121 -0.039386 0.416000 255 255 105
-0.120415 -0.038586 0.419000 86 88 75
-0.119616 -0.038678 0.420000 81 83 70
-0.119094 -0.038862 0.422000 88 84 73
-0.118002 -0.038862 0.422000 91 87 76
-0.117187 -0.038954 0.423000 82 76 61
-0.116092 -0.038954 0.423000 79 78 63
-0.115270 -0.039046 0.424000 70 75 63
-0.113903 -0.038954 0.423000 69 78 60
-0.113075 -0.039046 0.424000 69 78 60
-0.111714 -0.038954 0.423000 61 71 46
-0.110620 -0.038954 0.423000 64 71 47
-0.109525 -0.038954 0.423000 67 71 46
-0.108430 -0.038954 0.423000 66 69 44
-0.107336 -0.038954 0.423000 65 68 43
-0.106241 -0.038954 0.423000 67 68 41
-0.105147 -0.038954 0.423000 63 67 39
-0.104052 -0.038954 0.423000 66 70 42
-0.102958 -0.038954 0.423000 66 70 42
-0.101863 -0.038954 0.423000 67 68 41
-0.101007 -0.039046 0.424000 65 65 41
-0.099674 -0.038954 0.423000 67 67 43
-0.098580 -0.038954 0.423000 70 71 44
-0.097485 -0.038954 0.423000 69 70 43
-0.096618 -0.039046 0.424000 76 70 46
-0.095521 -0.039046 0.424000 78 70 44
-0.094424 -0.039046 0.424000 73 66 33
-0.093547 -0.039138 0.425000 76 69 36
-0.092447 -0.039138 0.425000 72 64 24
-0.081773 -0.038770 0.421000 249 214 0
-0.078460 -0.038217 0.415000 255 225 5
-0.071682 -0.037481 0.407000 255 250 4
-0.070629 -0.037481 0.407000 255 253 4
-0.069746 -0.037573 0.408000 254 251 0
-0.068859 -0.037665 0.409000 255 255 2
-0.067967 -0.037757 0.410000 255 255 2
-0.067069 -0.037849 0.411000 255 255 0
-0.065416 -0.038125 0.414000 255 255 37
-0.064500 -0.038217 0.415000 255 255 38
-0.062503 -0.038310 0.416000 255 255 78
-0.061574 -0.038402 0.417000 255 255 92
-0.060495 -0.038402 0.417000 255 255 93
-0.059273 -0.038310 0.416000 255 255 93
-0.055640 -0.038033 0.413000 255 255 129
-0.118002 -0.037770 0.422000 89 87 77
-0.116910 -0.037770 0.422000 86 84 72
-0.115818 -0.037770 0.422000 78 79 68
-0.114726 -0.037770 0.422000 76 78 67
-0.113903 -0.037860 0.423000 74 85 66
-0.112809 -0.037860 0.423000 77 88 69
-0.111714 -0.037860 0.423000 71 83 59
-0.110620 -0.037860 0.423000 80 80 58
-0.109525 -0.037860 0.423000 76 76 52
-0.108174 -0.037770 0.422000 72 76 48
-0.107082 -0.037770 0.422000 68 72 44
-0.105990 -0.037770 0.422000 72 76 48
-0.105147 -0.037860 0.423000 70 74 46
-0.104052 -0.037860 0.423000 69 70 43
-0.102958 -0.037860 0.423000 71 72 45
-0.101863 -0.037860 0.423000 79 78 52
-0.100769 -0.037860 0.423000 65 65 41
-0.099674 -0.037860 0.423000 68 67 41
-0.098347 -0.037770 0.422000 74 70 43
-0.097485 -0.037860 0.423000 77 73 46
-0.096391 -0.037860 0.423000 81 66 36
-0.095296 -0.037860 0.423000 88 66 31
-0.085647 -0.037949 0.424000 246 207 0
-0.082272 -0.037412 0.418000 254 224 0
-0.077704 -0.036786 0.411000 255 245 3
-0.073788 -0.036428 0.407000 255 254 2
-0.072735 -0.036428 0.407000 255 255 0
-0.071682 -0.036428 0.407000 255 255 0
-0.070629 -0.036428 0.407000 254 255 0
-0.069917 -0.036607 0.409000 255 255 4
-0.069027 -0.036696 0.410000 255 255 10
-0.067232 -0.036875 0.412000 255 255 37
-0.066487 -0.037054 0.414000 255 255 78
-0.065416 -0.037054 0.414000 255 255 111
-0.064500 -0.037144 0.415000 255 255 111
-0.063579 -0.037233 0.416000 254 255 114
-0.062503 -0.037233 0.416000 254 255 110
-0.061426 -0.037233 0.416000 254 255 107
-0.060350 -0.037233 0.416000 253 255 106
-0.059131 -0.037144 0.415000 254 255 107
-0.058057 -0.037144 0.415000 253 255 107
-0.055640 -0.036965 0.413000 255 255 171
-0.114726 -0.036678 0.422000 81 82 69
-0.113634 -0.036678 0.422000 72 78 61
-0.112542 -0.036678 0.422000 77 83 66
-0.111450 -0.036678 0.422000 75 81 62
-0.110358 -0.036678 0.422000 83 81 60
-0.109266 -0.036678 0.422000 81 79 56
-0.108174 -0.036678 0.422000 79 78 52
-0.107082 -0.036678 0.422000 79 78 52
-0.105990 -0.036678 0.422000 77 74 44
-0.104898 -0.036678 0.422000 84 79 50
-0.103806 -0.036678 0.422000 81 74 43
-0.102714 -0.036678 0.422000 81 74 43
-0.101622 -0.036678 0.422000 96 81 44
-0.100530 -0.036678 0.422000 105 80 31
-0.099439 -0.036678 0.422000 128 96 33
-0.098347 -0.036678 0.422000 140 105 18
-0.097255 -0.036678 0.422000 153 118 31
-0.096163 -0.036678 0.422000 176 136 22
-0.095071 -0.036678 0.422000 192 148 9
-0.093979 -0.036678 0.422000 212 172 9
-0.092887 -0.036678 0.422000 238 195 13
-0.091795 -0.036678 0.422000 251 208 26
-0.090703 -0.036678 0.422000 255 215 16
-0.089611 -0.036678 0.422000 252 214 3
-0.088519 -0.036678 0.422000 255 227 7
-0.084233 -0.036244 0.417000 255 236 3
-0.082755 -0.036070 0.415000 252 238 0
-0.081288 -0.035896 0.413000 255 246 1
-0.079831 -0.035722 0.411000 255 250 2
-0.078576 -0.035635 0.410000 255 254 2
-0.077326 -0.035548 0.409000 255 254 2
-0.076267 -0.035548 0.409000 255 255 0
-0.075209 -0.035548 0.409000 254 255 0
-0.073969 -0.035461 0.408000 254 255 0
-0.072914 -0.035461 0.408000 254 255 0
-0.071858 -0.035461 0.408000 254 255 0
-0.070976 -0.035548 0.409000 255 255 2
-0.070088 -0.035635 0.410000 255 255 11
-0.069196 -0.035722 0.411000 255 255 26
-0.068298 -0.035809 0.412000 255 255 27
-0.067395 -0.035896 0.413000 255 255 57
-0.066487 -0.035983 0.414000 255 255 92
-0.065574 -0.036070 0.415000 255 255 126
-0.064500 -0.036070 0.415000 255 255 126
-0.063579 -0.036157 0.416000 253 255 122
-0.062503 -0.036157 0.416000 253 255 118
-0.061426 -0.036157 0.416000 253 255 116
-0.060205 -0.036070 0.415000 252 255 111
-0.058988 -0.035983 0.414000 254 255 113
-0.057917 -0.035983 0.414000 255 255 119
-0.111186 -0.035502 0.421000 106 90 56
-0.110096 -0.035502 0.421000 113 91 36
-0.109007 -0.035502 0.421000 121 95 35
-0.107918 -0.035502 0.421000 147 118 38
-0.106828 -0.035502 0.421000 149 120 40
-0.105739 -0.035502 0.421000 167 130 28
-0.104650 -0.035502 0.421000 171 136 13
-0.103560 -0.035502 0.421000 190 154 5
-0.102471 -0.035502 0.421000 211 171 8
-0.101382 -0.035502 0.421000 220 180 17
-0.100292 -0.035502 0.421000 241 200 24
-0.098967 -0.035418 0.420000 255 217 24
-0.097880 -0.035418 0.420000 255 222 16
-0.096794 -0.035418 0.420000 255 222 16
-0.095707 -0.035418 0.420000 255 224 11
-0.094620 -0.035418 0.420000 253 223 7
-0.093533 -0.035418 0.420000 255 221 16
-0.092447 -0.035418 0.420000 255 227 15
-0.091142 -0.035333 0.419000 253 218 6
-0.089843 -0.035249 0.418000 249 215 0
-0.088762 -0.035249 0.418000 255 233 4
-0.083223 -0.034743 0.412000 255 247 4
-0.081958 -0.034659 0.411000 255 254 6
-0.080697 -0.034574 0.410000 255 254 2
-0.079442 -0.034490 0.409000 255 255 0
-0.077326 -0.034490 0.409000 255 255 0
-0.076267 -0.034490 0.409000 254 255 0
-0.075209 -0.034490 0.409000 254 255 0
-0.074151 -0.034490 0.409000 254 255 2
-0.073092 -0.034490 0.409000 255 255 12
-0.072034 -0.034490 0.409000 255 255 12
-0.071149 -0.034574 0.410000 255 255 39
-0.070259 -0.034659 0.411000 255 254 63
-0.069364 -0.034743 0.412000 255 255 69
-0.068298 -0.034743 0.412000 255 255 69
-0.067395 -0.034827 0.413000 255 255 79
-0.066327 -0.034827 0.413000 255 255 98
-0.065416 -0.034912 0.414000 255 255 110
-0.064345 -0.034912 0.414000 255 255 111
-0.063273 -0.034912 0.414000 255 255 117
-0.106321 -0.034249 0.419000 217 182 26
-0.105488 -0.034331 0.420000 237 198 26
-0.104401 -0.034331 0.420000 242 208 18
-0.103314 -0.034331 0.420000 255 223 21
-0.102228 -0.034331 0.420000 255 224 17
-0.101141 -0.034331 0.420000 255 226 19
-0.099816 -0.034249 0.419000 255 238 25
-0.098496 -0.034167 0.418000 253 227 5
-0.097414 -0.034167 0.418000 255 232 5
-0.096333 -0.034167 0.418000 246 223 0
-0.095251 -0.034167 0.418000 255 237 7
-0.093944 -0.034086 0.417000 252 232 0
-0.092865 -0.034086 0.417000 255 245 6
-0.091566 -0.034004 0.416000 255 248 5
-0.090272 -0.033922 0.415000 255 245 0
-0.088768 -0.033759 0.413000 255 251 6
-0.087700 -0.033759 0.413000 255 251 3
-0.084941 -0.033513 0.410000 255 255 4
-0.082415 -0.033350 0.408000 255 255 0
-0.081359 -0.033350 0.408000 254 255 0
-0.080107 -0.033268 0.407000 254 255 0
-0.078192 -0.033350 0.408000 254 255 0
-0.077137 -0.033350 0.408000 254 255 0
-0.076081 -0.033350 0.408000 255 255 5
-0.075025 -0.033350 0.408000 255 255 38
-0.073969 -0.033350 0.408000 255 255 70
-0.073092 -0.033432 0.409000 255 255 94
-0.072034 -0.033432 0.409000 255 255 94
-0.071149 -0.033513 0.410000 255 255 101
-0.070088 -0.033513 0.410000 255 255 103
-0.069196 -0.033595 0.411000 254 255 99
-0.068132 -0.033595 0.411000 255 255 100
-0.067069 -0.033595 0.411000 255 255 100
-0.066166 -0.033677 0.412000 255 255 98
