ply
format ascii 1.0
element vertex 3503
property float x
property float y
property float z
property uchar red
property uchar green
property uchar blue
end_header
-0.050368 -0.065016 0.452000 53 193 197
-0.049089 -0.064872 0.451000 13 153 157
-0.047922 -0.064872 0.451000 7 142 146
-0.051423 -0.063706 0.451000 182 249 78
-0.050256 -0.063706 0.451000 31 176 192
-0.048981 -0.063564 0.450000 109 251 253
-0.047816 -0.063564 0.450000 86 228 230
-0.051423 -0.062539 0.451000 78 39 68
-0.050256 -0.062539 0.451000 231 19 98
-0.049089 -0.062539 0.451000 13 163 203
-0.047816 -0.062400 0.450000 80 224 234
-0.046652 -0.062400 0.450000 42 183 182
-0.045487 -0.062400 0.450000 0 133 138
-0.044323 -0.062400 0.450000 6 139 148
-0.051537 -0.061508 0.452000 69 255 48
-0.050256 -0.061372 0.451000 205 65 200
-0.049089 -0.061372 0.451000 170 227 82
-0.047922 -0.061372 0.451000 205 5 116
-0.046652 -0.061235 0.450000 39 187 209
-0.045487 -0.061235 0.450000 93 235 241
-0.044323 -0.061235 0.450000 7 147 153
-0.043159 -0.061235 0.450000 235 3 14
-0.050256 -0.060205 0.451000 143 15 164
-0.049089 -0.060205 0.451000 241 101 236
-0.047922 -0.060205 0.451000 233 93 228
-0.046652 -0.060071 0.450000 166 223 78
-0.045487 -0.060071 0.450000 12 153 180
-0.044323 -0.060071 0.450000 85 227 233
-0.043159 -0.060071 0.450000 5 150 153
-0.042088 -0.060205 0.451000 19 152 159
-0.050256 -0.059038 0.451000 167 37 174
-0.049089 -0.059038 0.451000 125 247 20
-0.047816 -0.058907 0.450000 233 101 244
-0.046652 -0.058907 0.450000 241 57 166
-0.045487 -0.058907 0.450000 247 17 66
-0.044225 -0.058776 0.449000 46 185 196
-0.043063 -0.058776 0.449000 94 233 242
-0.041901 -0.058776 0.449000 16 155 164
-0.050256 -0.057871 0.451000 16 203 255
-0.049089 -0.057871 0.451000 155 13 140
-0.047816 -0.057742 0.450000 209 67 194
-0.046652 -0.057742 0.450000 103 255 255
-0.045386 -0.057614 0.449000 114 255 255
-0.044225 -0.057614 0.449000 49 187 201
-0.042967 -0.057486 0.448000 58 194 209
-0.041808 -0.057486 0.448000 114 250 255
-0.049089 -0.056704 0.451000 4 170 224
-0.047922 -0.056704 0.451000 78 244 255
-0.046652 -0.056578 0.450000 92 244 254
-0.045386 -0.056452 0.449000 116 255 255
-0.044126 -0.056326 0.448000 58 197 206
-0.042871 -0.056201 0.447000 34 170 187
-0.041621 -0.056075 0.446000 71 207 224
-0.040467 -0.056075 0.446000 78 218 224
-0.048981 -0.055413 0.450000 39 187 225
-0.047816 -0.055413 0.450000 107 255 255
-0.046548 -0.055290 0.449000 108 255 255
-0.045285 -0.055167 0.448000 110 255 255
-0.044028 -0.055044 0.447000 116 255 255
-0.042775 -0.054921 0.446000 63 202 211
-0.041528 -0.054798 0.445000 60 199 208
-0.040376 -0.054798 0.445000 110 250 255
-0.048981 -0.054249 0.450000 39 186 215
-0.047710 -0.054128 0.449000 76 223 252
-0.046444 -0.054008 0.448000 106 255 255
-0.045184 -0.053887 0.447000 96 248 248
-0.043929 -0.053767 0.446000 113 255 255
-0.042583 -0.053526 0.444000 87 227 231
-0.041434 -0.053526 0.444000 64 204 208
-0.040195 -0.053405 0.443000 61 200 209
-0.039048 -0.053405 0.443000 94 232 235
-0.048872 -0.052967 0.449000 115 255 255
-0.047604 -0.052849 0.448000 115 255 255
-0.046341 -0.052731 0.447000 42 190 203
-0.045083 -0.052613 0.446000 105 251 255
-0.043831 -0.052495 0.445000 97 242 245
-0.042487 -0.052259 0.443000 117 255 255
-0.041248 -0.052141 0.442000 49 194 208
-0.040013 -0.052023 0.441000 17 162 176
-0.038872 -0.052023 0.441000 115 255 255
-0.050034 -0.051805 0.449000 122 255 254
-0.048763 -0.051689 0.448000 110 241 240
-0.047497 -0.051574 0.447000 124 255 254
-0.046237 -0.051459 0.446000 118 254 251
-0.044982 -0.051343 0.445000 120 255 253
-0.043634 -0.051113 0.443000 117 255 255
-0.042391 -0.050997 0.442000 113 255 255
-0.041154 -0.050882 0.441000 0 155 179
-0.040013 -0.050882 0.441000 200 255 46
-0.038784 -0.050766 0.440000 103 249 255
-0.037645 -0.050766 0.440000 121 255 255
-0.049699 -0.050305 0.446000 122 255 254
-0.048545 -0.050305 0.446000 122 253 252
-0.047285 -0.050192 0.445000 121 255 255
-0.046030 -0.050079 0.444000 122 255 255
-0.044780 -0.049966 0.443000 122 255 254
-0.043535 -0.049853 0.442000 116 255 255
-0.042295 -0.049741 0.441000 50 205 227
-0.041061 -0.049628 0.440000 243 83 184
-0.039922 -0.049628 0.440000 138 235 80
-0.038696 -0.049515 0.439000 56 213 255
-0.037645 -0.049628 0.440000 116 255 255
-0.038275 -0.055493 0.492000 16 147 150
-0.050853 -0.049151 0.446000 119 253 251
-0.049588 -0.049040 0.445000 95 236 233
-0.048328 -0.048930 0.444000 116 255 255
-0.047179 -0.048930 0.444000 62 209 213
-0.045926 -0.048820 0.443000 105 252 255
-0.044679 -0.048710 0.442000 117 255 255
-0.043437 -0.048600 0.441000 65 212 216
-0.042200 -0.048489 0.440000 37 195 225
-0.040968 -0.048379 0.439000 251 95 194
-0.039832 -0.048379 0.439000 199 43 142
-0.038696 -0.048379 0.439000 225 49 168
-0.037731 -0.048600 0.441000 100 247 255
-0.036852 -0.054000 0.490000 253 1 12
-0.050739 -0.047889 0.445000 116 252 249
-0.049476 -0.047781 0.444000 99 242 239
-0.048219 -0.047674 0.443000 99 251 249
-0.046966 -0.047566 0.442000 88 237 254
-0.045719 -0.047458 0.441000 59 208 225
-0.044578 -0.047458 0.441000 112 255 255
-0.043338 -0.047351 0.440000 78 228 231
-0.042104 -0.047243 0.439000 91 249 255
-0.040968 -0.047243 0.439000 237 73 166
-0.039832 -0.047243 0.439000 7 181 228
-0.038696 -0.047243 0.439000 171 1 128
-0.037731 -0.047458 0.441000 79 226 255
-0.036756 -0.047674 0.443000 124 255 255
-0.034316 -0.052732 0.490000 214 228 244
-0.051774 -0.046632 0.444000 105 243 246
-0.050625 -0.046632 0.444000 119 255 255
-0.049365 -0.046527 0.443000 84 226 228
-0.048110 -0.046422 0.442000 107 255 255
-0.046860 -0.046317 0.441000 81 230 249
-0.045615 -0.046212 0.440000 27 176 195
-0.044477 -0.046212 0.440000 97 242 255
-0.043240 -0.046107 0.439000 88 239 246
-0.042008 -0.046002 0.438000 89 244 255
-0.040874 -0.046002 0.438000 251 87 176
-0.039741 -0.046002 0.438000 17 191 236
-0.038696 -0.046107 0.439000 125 214 216
-0.037731 -0.046317 0.441000 20 170 212
-0.036839 -0.046632 0.444000 119 255 255
-0.035366 -0.051149 0.487000 226 235 2
-0.034246 -0.051359 0.489000 218 232 248
-0.052923 -0.045484 0.444000 119 255 255
-0.051658 -0.045381 0.443000 115 254 252
-0.050397 -0.045279 0.442000 80 225 230
-0.049254 -0.045279 0.442000 58 199 208
-0.048001 -0.045176 0.441000 102 247 252
-0.046754 -0.045074 0.440000 98 242 250
-0.045511 -0.044971 0.439000 46 193 211
-0.044375 -0.044971 0.439000 64 211 229
-0.043141 -0.044869 0.438000 89 240 247
-0.041912 -0.044766 0.437000 89 241 255
-0.040781 -0.044766 0.437000 223 53 158
-0.039650 -0.044766 0.437000 14 185 238
-0.038608 -0.044869 0.438000 109 190 196
-0.037731 -0.045176 0.441000 239 37 120
-0.036839 -0.045484 0.444000 119 255 255
-0.035724 -0.048659 0.475000 58 185 187
-0.035148 -0.049581 0.484000 220 230 248
-0.034106 -0.049889 0.487000 210 230 240
-0.032913 -0.049991 0.488000 253 17 26
-0.054072 -0.044335 0.444000 119 250 251
-0.052804 -0.044235 0.443000 105 243 250
-0.051658 -0.044235 0.443000 65 203 210
-0.050397 -0.044135 0.442000 109 254 255
-0.049142 -0.044035 0.441000 112 254 255
-0.047892 -0.043935 0.440000 118 255 255
-0.046647 -0.043835 0.439000 118 255 255
-0.045408 -0.043736 0.438000 113 255 253
-0.044173 -0.043636 0.437000 115 255 255
-0.043043 -0.043636 0.437000 41 193 207
-0.041816 -0.043536 0.436000 235 33 108
-0.040688 -0.043536 0.436000 198 255 90
-0.039560 -0.043536 0.436000 69 225 255
-0.038520 -0.043636 0.437000 211 11 98
-0.037645 -0.043935 0.440000 95 239 255
-0.036673 -0.044135 0.442000 121 255 255
-0.036175 -0.046432 0.465000 54 180 187
-0.035648 -0.047330 0.474000 53 179 186
-0.034930 -0.048029 0.481000 240 251 12
-0.034106 -0.048628 0.487000 220 243 4
-0.032846 -0.048628 0.487000 222 245 6
-0.053950 -0.043089 0.443000 69 216 220
-0.052804 -0.043089 0.443000 116 255 255
-0.051541 -0.042991 0.442000 114 255 255
-0.050283 -0.042894 0.441000 114 255 255
-0.049031 -0.042797 0.440000 46 194 207
-0.047783 -0.042699 0.439000 46 195 224
-0.046541 -0.042602 0.438000 57 207 229
-0.045304 -0.042505 0.437000 38 179 217
-0.044072 -0.042408 0.436000 37 178 216
-0.042944 -0.042408 0.436000 71 218 249
-0.041720 -0.042310 0.435000 35 186 223
-0.040594 -0.042310 0.435000 249 43 114
-0.039469 -0.042310 0.435000 105 255 255
-0.038343 -0.042310 0.435000 31 183 211
-0.037303 -0.042408 0.436000 86 232 255
-0.036341 -0.042602 0.438000 121 255 255
-0.035573 -0.046007 0.473000 52 179 186
-0.034858 -0.046687 0.480000 234 243 10
-0.034036 -0.047271 0.486000 216 239 4
-0.032778 -0.047271 0.486000 222 245 10
-0.054848 -0.041753 0.441000 85 240 251
-0.053707 -0.041753 0.441000 66 216 217
-0.052565 -0.041753 0.441000 118 255 255
-0.051308 -0.041658 0.440000 113 255 255
-0.050055 -0.041564 0.439000 86 231 232
-0.048808 -0.041469 0.438000 87 239 251
-0.047566 -0.041374 0.437000 46 202 219
-0.046329 -0.041280 0.436000 100 255 255
-0.045200 -0.041280 0.436000 21 169 203
-0.043971 -0.041185 0.435000 69 217 251
-0.042846 -0.041185 0.435000 70 217 235
-0.041624 -0.041090 0.434000 7 152 182
-0.040501 -0.041090 0.434000 32 175 203
-0.039378 -0.041090 0.434000 114 255 255
-0.038255 -0.041090 0.434000 64 207 222
-0.037132 -0.041090 0.434000 114 255 255
-0.036009 -0.041090 0.434000 119 255 255
-0.035941 -0.043741 0.462000 78 208 214
-0.035573 -0.044783 0.473000 53 183 189
-0.034930 -0.045540 0.481000 242 247 10
-0.032778 -0.046013 0.486000 230 249 12
-0.031521 -0.046013 0.486000 243 5 24
-0.053463 -0.040428 0.439000 116 255 255
-0.052327 -0.040428 0.439000 116 255 255
-0.051075 -0.040336 0.438000 111 255 255
-0.049827 -0.040243 0.437000 45 194 202
-0.048585 -0.040151 0.436000 75 228 253
-0.047348 -0.040059 0.435000 79 234 254
-0.044993 -0.039967 0.434000 103 255 255
-0.043870 -0.039967 0.434000 47 200 221
-0.042649 -0.039875 0.433000 42 195 216
-0.041528 -0.039875 0.433000 19 173 200
-0.040408 -0.039875 0.433000 32 175 201
-0.039287 -0.039875 0.433000 100 238 255
-0.038079 -0.039783 0.432000 5 143 169
-0.036961 -0.039783 0.432000 95 233 255
-0.035926 -0.039875 0.433000 121 255 255
-0.035573 -0.043559 0.473000 61 194 201
-0.034930 -0.044295 0.481000 244 255 16
-0.032778 -0.044756 0.486000 243 7 20
-0.031521 -0.044756 0.486000 247 11 24
-0.044889 -0.038755 0.433000 89 242 255
-0.043668 -0.038665 0.432000 84 237 255
-0.042550 -0.038665 0.432000 6 159 191
-0.041432 -0.038665 0.432000 0 159 186
-0.040314 -0.038665 0.432000 32 179 210
-0.039106 -0.038576 0.431000 57 201 238
-0.037991 -0.038576 0.431000 194 227 44
-0.036875 -0.038576 0.431000 103 243 255
-0.035760 -0.038576 0.431000 121 255 255
-0.031521 -0.043498 0.486000 226 253 14
-0.058604 -0.037808 0.435000 74 87 172
-0.057478 -0.037808 0.435000 114 119 244
-0.051731 -0.037721 0.434000 75 232 240
-0.050608 -0.037721 0.434000 71 234 255
-0.049371 -0.037634 0.433000 14 187 239
-0.044682 -0.037460 0.431000 95 255 255
-0.043567 -0.037460 0.431000 98 255 255
-0.042452 -0.037460 0.431000 20 180 200
-0.041336 -0.037460 0.431000 182 243 50
-0.040128 -0.037373 0.430000 11 168 217
-0.039015 -0.037373 0.430000 203 23 126
-0.037902 -0.037373 0.430000 20 167 198
-0.036790 -0.037373 0.430000 101 248 255
-0.035677 -0.037373 0.430000 119 255 255
-0.031521 -0.042241 0.486000 224 253 8
-0.060715 -0.036598 0.434000 3 216 255
-0.059592 -0.036598 0.434000 106 63 120
-0.058334 -0.036514 0.433000 22 115 252
-0.057214 -0.036514 0.433000 148 135 184
-0.055964 -0.036430 0.432000 172 111 192
-0.052611 -0.036430 0.432000 95 254 255
-0.051493 -0.036430 0.432000 5 167 216
-0.050375 -0.036430 0.432000 235 77 186
-0.049257 -0.036430 0.432000 128 255 132
-0.048139 -0.036430 0.432000 134 253 122
-0.046913 -0.036345 0.431000 207 51 182
-0.045797 -0.036345 0.431000 36 195 236
-0.044682 -0.036345 0.431000 43 203 233
-0.043466 -0.036261 0.430000 82 240 255
-0.042353 -0.036261 0.430000 42 200 223
-0.041145 -0.036177 0.429000 154 213 34
-0.040034 -0.036177 0.429000 235 37 142
-0.038924 -0.036177 0.429000 186 253 108
-0.037814 -0.036177 0.429000 39 186 215
-0.036704 -0.036177 0.429000 103 250 255
-0.035594 -0.036177 0.429000 111 252 251
-0.061696 -0.035393 0.433000 39 222 32
-0.060575 -0.035393 0.433000 172 135 192
-0.059317 -0.035312 0.432000 57 47 160
-0.058200 -0.035312 0.432000 57 47 160
-0.056950 -0.035230 0.431000 99 61 128
-0.055834 -0.035230 0.431000 99 62 0
-0.054719 -0.035230 0.431000 24 30 224
-0.053604 -0.035230 0.431000 164 103 200
-0.052489 -0.035230 0.431000 185 81 254
-0.051373 -0.035230 0.431000 215 69 224
-0.050258 -0.035230 0.431000 7 191 255
-0.049143 -0.035230 0.431000 85 227 0
-0.048028 -0.035230 0.431000 101 243 16
-0.046913 -0.035230 0.431000 137 37 190
-0.045797 -0.035230 0.431000 143 13 176
-0.044578 -0.035148 0.430000 169 23 170
-0.043365 -0.035066 0.429000 33 195 244
-0.042255 -0.035066 0.429000 231 43 140
-0.041145 -0.035066 0.429000 144 209 70
-0.039941 -0.034985 0.428000 17 181 234
-0.038834 -0.034985 0.428000 170 229 78
-0.037726 -0.034985 0.428000 86 228 248
-0.036619 -0.034985 0.428000 114 255 255
-0.035511 -0.034985 0.428000 92 226 226
-0.065057 -0.034273 0.433000 8 191 144
-0.063936 -0.034273 0.433000 89 15 224
-0.062816 -0.034273 0.433000 172 199 248
-0.061553 -0.034194 0.432000 24 255 160
-0.060435 -0.034194 0.432000 178 31 96
-0.059180 -0.034115 0.431000 199 253 128
-0.058065 -0.034115 0.431000 100 127 64
-0.056950 -0.034115 0.431000 14 250 0
-0.055834 -0.034115 0.431000 36 127 64
-0.054592 -0.034036 0.430000 15 251 0
-0.053604 -0.034115 0.431000 0 238 0
-0.052367 -0.034036 0.430000 97 189 0
-0.051254 -0.034036 0.430000 37 255 112
-0.050142 -0.034036 0.430000 251 13 112
-0.049143 -0.034115 0.431000 157 25 148
-0.047916 -0.034036 0.430000 173 41 164
-0.046804 -0.034036 0.430000 122 7 36
-0.045691 -0.034036 0.430000 70 15 68
-0.044475 -0.033956 0.429000 86 31 92
-0.043365 -0.033956 0.429000 69 142 188
-0.042156 -0.033877 0.428000 61 134 180
-0.040953 -0.033798 0.427000 172 243 110
-0.039848 -0.033798 0.427000 211 27 136
-0.038743 -0.033798 0.427000 172 227 72
-0.037550 -0.033719 0.426000 103 241 255
-0.036533 -0.033798 0.427000 118 255 255
-0.066177 -0.033153 0.433000 12 248 0
-0.064907 -0.033076 0.432000 89 111 240
-0.063789 -0.033076 0.432000 148 223 248
-0.062671 -0.033076 0.432000 72 255 176
-0.061411 -0.032999 0.431000 35 126 0
-0.060295 -0.032999 0.431000 100 127 64
-0.059180 -0.032999 0.431000 15 251 0
-0.057930 -0.032923 0.430000 15 251 0
-0.056818 -0.032923 0.430000 36 127 64
-0.055705 -0.032923 0.430000 100 191 128
-0.054592 -0.032923 0.430000 15 251 0
-0.053480 -0.032923 0.430000 176 222 96
-0.052367 -0.032923 0.430000 208 254 128
-0.051254 -0.032923 0.430000 41 239 64
-0.050142 -0.032923 0.430000 140 255 122
-0.049029 -0.032923 0.430000 54 234 255
-0.047916 -0.032923 0.430000 59 239 255
-0.046695 -0.032846 0.429000 143 5 126
-0.045585 -0.032846 0.429000 61 255 36
-0.044475 -0.032846 0.429000 57 243 36
-0.043264 -0.032770 0.428000 41 142 176
-0.042058 -0.032693 0.427000 37 138 172
-0.040953 -0.032693 0.427000 45 214 255
-0.039755 -0.032617 0.426000 154 225 84
-0.038652 -0.032617 0.426000 239 27 106
-0.037550 -0.032617 0.426000 122 255 255
-0.036533 -0.032693 0.427000 122 255 255
-0.067142 -0.031958 0.432000 14 250 0
-0.065872 -0.031884 0.431000 13 249 0
-0.064756 -0.031884 0.431000 73 47 240
-0.063641 -0.031884 0.431000 164 215 248
-0.062526 -0.031884 0.431000 195 251 0
-0.061411 -0.031884 0.431000 10 250 0
-0.060156 -0.031810 0.430000 10 246 0
-0.059043 -0.031810 0.430000 177 126 192
-0.057795 -0.031736 0.429000 145 94 160
-0.056685 -0.031736 0.429000 114 163 252
-0.055575 -0.031736 0.429000 133 39 204
-0.054465 -0.031736 0.429000 122 83 212
-0.053355 -0.031736 0.429000 173 41 214
-0.052245 -0.031736 0.429000 233 101 254
-0.051135 -0.031736 0.429000 0 164 217
-0.050025 -0.031736 0.429000 203 21 134
-0.048915 -0.031736 0.429000 179 15 140
-0.047805 -0.031736 0.429000 161 19 164
-0.046695 -0.031736 0.429000 151 9 154
-0.045479 -0.031662 0.428000 105 251 40
-0.044371 -0.031662 0.428000 97 198 248
-0.043162 -0.031588 0.427000 53 102 136
-0.042058 -0.031588 0.427000 41 204 255
-0.040857 -0.031514 0.426000 19 182 240
-0.039755 -0.031514 0.426000 207 27 134
-0.038561 -0.031440 0.425000 72 217 233
-0.037550 -0.031514 0.426000 126 255 251
-0.036619 -0.031662 0.428000 108 237 233
-0.070333 -0.030769 0.431000 194 121 0
-0.069217 -0.030769 0.431000 34 61 64
-0.068102 -0.030769 0.431000 209 159 32
-0.066987 -0.030769 0.431000 198 123 128
-0.065872 -0.030769 0.431000 11 248 0
-0.064756 -0.030769 0.431000 144 190 128
-0.063493 -0.030698 0.430000 193 120 128
-0.062381 -0.030698 0.430000 188 23 96
-0.061268 -0.030698 0.430000 189 87 254
-0.060016 -0.030626 0.429000 15 195 255
-0.058906 -0.030626 0.429000 24 194 252
-0.057795 -0.030626 0.429000 31 201 255
-0.056685 -0.030626 0.429000 102 255 255
-0.055575 -0.030626 0.429000 110 255 255
-0.054465 -0.030626 0.429000 25 203 255
-0.053355 -0.030626 0.429000 28 191 255
-0.052245 -0.030626 0.429000 36 199 255
-0.051135 -0.030626 0.429000 33 185 226
-0.049908 -0.030555 0.428000 14 171 210
-0.048801 -0.030555 0.428000 215 37 134
-0.047693 -0.030555 0.428000 161 3 144
-0.046477 -0.030483 0.427000 150 249 134
-0.045372 -0.030483 0.427000 121 247 44
-0.044164 -0.030412 0.426000 81 146 192
-0.043061 -0.030412 0.426000 117 142 164
-0.041959 -0.030412 0.426000 53 218 255
-0.040857 -0.030412 0.426000 172 247 108
-0.039661 -0.030341 0.425000 12 174 223
-0.038561 -0.030341 0.425000 92 236 244
-0.037550 -0.030412 0.426000 125 254 248
-0.036704 -0.030626 0.429000 59 188 182
-0.070006 -0.029516 0.429000 5 241 0
-0.069057 -0.029585 0.430000 98 125 128
-0.067944 -0.029585 0.430000 177 127 0
-0.066831 -0.029585 0.430000 98 125 128
-0.065719 -0.029585 0.430000 104 47 0
-0.064456 -0.029516 0.429000 13 231 132
-0.063346 -0.029516 0.429000 5 188 255
-0.062236 -0.029516 0.429000 11 194 255
-0.061126 -0.029516 0.429000 78 248 255
-0.060016 -0.029516 0.429000 105 255 255
-0.058768 -0.029447 0.428000 103 255 255
-0.057661 -0.029447 0.428000 41 193 232
-0.056553 -0.029447 0.428000 92 237 255
-0.055446 -0.029447 0.428000 116 255 255
-0.054211 -0.029379 0.427000 100 255 255
-0.053106 -0.029379 0.427000 5 170 218
-0.052002 -0.029379 0.427000 38 203 251
-0.050897 -0.029379 0.427000 109 255 255
-0.049792 -0.029379 0.427000 110 255 255
-0.048573 -0.029310 0.426000 109 255 255
-0.047471 -0.029310 0.426000 84 255 255
-0.046368 -0.029310 0.426000 211 43 106
-0.045266 -0.029310 0.426000 113 194 208
-0.044164 -0.029310 0.426000 125 154 156
-0.042960 -0.029241 0.425000 28 193 252
-0.041861 -0.029241 0.425000 166 237 104
-0.040761 -0.029241 0.425000 168 239 106
-0.039661 -0.029241 0.425000 88 240 255
-0.038561 -0.029241 0.425000 120 255 255
-0.037550 -0.029310 0.426000 61 180 173
-0.036790 -0.029585 0.430000 234 216 202
-0.033768 -0.030892 0.449000 22 149 153
-0.073165 -0.028340 0.428000 10 241 0
-0.072058 -0.028340 0.428000 4 237 0
-0.070950 -0.028340 0.428000 204 95 176
-0.069843 -0.028340 0.428000 228 71 184
-0.068736 -0.028340 0.428000 212 23 128
-0.067786 -0.028406 0.429000 38 71 252
-0.066676 -0.028406 0.429000 48 228 255
-0.065566 -0.028406 0.429000 81 233 255
-0.064306 -0.028340 0.428000 39 182 226
-0.063198 -0.028340 0.428000 112 255 255
-0.062091 -0.028340 0.428000 113 255 255
-0.060983 -0.028340 0.428000 47 191 210
-0.059876 -0.028340 0.428000 114 255 255
-0.058631 -0.028274 0.427000 57 218 255
-0.057526 -0.028274 0.427000 209 31 156
-0.056421 -0.028274 0.427000 44 211 255
-0.055187 -0.028207 0.426000 111 255 255
-0.054084 -0.028207 0.426000 64 222 245
-0.052982 -0.028207 0.426000 173 23 140
-0.051880 -0.028207 0.426000 207 57 174
-0.050778 -0.028207 0.426000 209 33 172
-0.049559 -0.028141 0.425000 4 163 218
-0.048459 -0.028141 0.425000 76 231 244
-0.047359 -0.028141 0.425000 95 255 255
-0.046151 -0.028075 0.424000 231 47 94
-0.045160 -0.028141 0.425000 132 225 90
-0.043956 -0.028075 0.424000 239 57 170
-0.042859 -0.028075 0.424000 65 231 255
-0.041762 -0.028075 0.424000 140 213 66
-0.040665 -0.028075 0.424000 237 53 162
-0.039661 -0.028141 0.425000 101 250 255
-0.038561 -0.028141 0.425000 126 255 251
-0.037638 -0.028274 0.427000 8 127 120
-0.036875 -0.028539 0.431000 190 172 158
-0.034541 -0.029399 0.444000 182 184 176
-0.033768 -0.029730 0.449000 23 150 152
-0.033042 -0.030128 0.455000 230 242 246
-0.075204 -0.027169 0.427000 2 27 152
-0.073926 -0.027105 0.426000 196 15 72
-0.072824 -0.027105 0.426000 227 101 254
-0.071721 -0.027105 0.426000 31 224 255
-0.070619 -0.027105 0.426000 74 240 255
-0.069517 -0.027105 0.426000 237 109 254
-0.068575 -0.027169 0.427000 70 11 156
-0.067470 -0.027169 0.427000 149 77 254
-0.066365 -0.027169 0.427000 100 255 255
-0.065260 -0.027169 0.427000 110 248 255
-0.064155 -0.027169 0.427000 49 180 208
-0.063050 -0.027169 0.427000 119 255 255
-0.061946 -0.027169 0.427000 119 255 255
-0.060698 -0.027105 0.426000 100 243 255
-0.059596 -0.027105 0.426000 90 238 255
-0.058494 -0.027105 0.426000 217 41 176
-0.057391 -0.027105 0.426000 251 77 182
-0.056157 -0.027042 0.425000 34 203 255
-0.055057 -0.027042 0.425000 67 221 237
-0.053957 -0.027042 0.425000 15 182 218
-0.052733 -0.026978 0.424000 205 57 186
-0.051636 -0.026978 0.424000 233 67 198
-0.050539 -0.026978 0.424000 197 31 162
-0.049442 -0.026978 0.424000 7 171 224
-0.048345 -0.026978 0.424000 79 236 255
-0.047248 -0.026978 0.424000 5 161 207
-0.046042 -0.026914 0.423000 144 215 74
-0.045053 -0.026978 0.424000 168 239 98
-0.043956 -0.026978 0.424000 42 213 255
-0.042859 -0.026978 0.424000 140 215 80
-0.041762 -0.026978 0.424000 31 182 215
-0.040665 -0.026978 0.424000 82 233 255
-0.039568 -0.026978 0.424000 111 253 255
-0.038561 -0.027042 0.425000 40 159 150
-0.037638 -0.027169 0.427000 168 160 146
-0.036875 -0.027423 0.431000 162 154 140
-0.034541 -0.028250 0.444000 206 212 214
-0.033618 -0.028441 0.447000 27 151 152
-0.032824 -0.028759 0.452000 7 138 139
-0.077233 -0.026003 0.426000 139 31 182
-0.076130 -0.026003 0.426000 189 55 216
-0.075028 -0.026003 0.426000 197 61 232
-0.073752 -0.025942 0.425000 85 243 128
-0.072653 -0.025942 0.425000 53 220 255
-0.071553 -0.025942 0.425000 92 255 255
-0.070453 -0.025942 0.425000 108 255 255
-0.069353 -0.025942 0.425000 10 178 255
-0.068254 -0.025942 0.425000 125 255 112
-0.067154 -0.025942 0.425000 106 251 255
-0.066054 -0.025942 0.425000 111 255 255
-0.065107 -0.026003 0.426000 115 249 249
-0.064005 -0.026003 0.426000 55 188 195
-0.062903 -0.026003 0.426000 119 255 255
-0.061801 -0.026003 0.426000 118 255 255
-0.060556 -0.025942 0.425000 39 185 192
-0.059456 -0.025942 0.425000 90 253 255
-0.058356 -0.025942 0.425000 11 184 250
-0.057122 -0.025881 0.424000 36 206 255
-0.056025 -0.025881 0.424000 1 171 238
-0.054928 -0.025881 0.424000 225 61 182
-0.053704 -0.025820 0.423000 129 21 168
-0.052609 -0.025820 0.423000 110 19 84
-0.051514 -0.025820 0.423000 48 228 255
-0.050301 -0.025759 0.422000 31 211 255
-0.049209 -0.025759 0.422000 219 61 174
-0.048117 -0.025759 0.422000 182 253 120
-0.047025 -0.025759 0.422000 162 223 90
-0.045933 -0.025759 0.422000 0 170 230
-0.044841 -0.025759 0.422000 42 212 255
-0.043853 -0.025820 0.423000 128 211 84
-0.042758 -0.025820 0.423000 229 27 110
-0.041664 -0.025820 0.423000 78 229 234
-0.040665 -0.025881 0.424000 88 237 255
-0.039568 -0.025881 0.424000 63 199 200
-0.038561 -0.025942 0.425000 242 222 198
-0.037550 -0.026003 0.426000 162 150 154
-0.036790 -0.026247 0.430000 156 144 148
-0.034385 -0.026979 0.442000 222 216 210
-0.033467 -0.027163 0.445000 25 150 147
-0.032606 -0.027407 0.449000 14 143 139
-0.031655 -0.027590 0.452000 235 0 248
-0.030620 -0.027712 0.454000 0 139 135
-0.079251 -0.024842 0.425000 47 212 255
-0.078151 -0.024842 0.425000 76 238 255
-0.077051 -0.024842 0.425000 97 255 255
-0.075952 -0.024842 0.425000 107 255 255
-0.074676 -0.024784 0.424000 107 255 255
-0.073579 -0.024784 0.424000 52 205 241
-0.072482 -0.024784 0.424000 75 222 240
-0.071385 -0.024784 0.424000 111 255 255
-0.070287 -0.024784 0.424000 116 255 255
-0.069190 -0.024784 0.424000 30 185 227
-0.068093 -0.024784 0.424000 0 170 218
-0.066996 -0.024784 0.424000 109 255 255
-0.065899 -0.024784 0.424000 111 255 255
-0.064802 -0.024784 0.424000 108 250 252
-0.063705 -0.024784 0.424000 227 47 128
-0.062608 -0.024784 0.424000 55 227 255
-0.061510 -0.024784 0.424000 46 218 255
-0.060413 -0.024784 0.424000 101 255 255
-0.059316 -0.024784 0.424000 19 190 243
-0.058082 -0.024725 0.423000 157 3 170
-0.056987 -0.024725 0.423000 97 198 248
-0.055760 -0.024667 0.422000 143 1 154
-0.054669 -0.024667 0.422000 141 27 176
-0.053577 -0.024667 0.422000 70 67 148
-0.052360 -0.024608 0.421000 54 35 140
-0.051271 -0.024608 0.421000 82 3 92
-0.050182 -0.024608 0.421000 86 7 96
-0.049092 -0.024608 0.421000 113 218 240
-0.048003 -0.024608 0.421000 128 213 94
-0.046913 -0.024608 0.421000 152 223 90
-0.045824 -0.024608 0.421000 30 209 255
-0.044841 -0.024667 0.422000 245 91 212
-0.043749 -0.024667 0.422000 187 15 134
-0.042657 -0.024667 0.422000 55 204 233
-0.041664 -0.024725 0.423000 102 249 249
-0.040665 -0.024784 0.424000 66 213 213
-0.039568 -0.024784 0.424000 1 128 113
-0.038561 -0.024842 0.425000 178 160 150
-0.036009 -0.025368 0.434000 184 194 204
-0.035127 -0.025544 0.437000 2 134 127
-0.034230 -0.025719 0.440000 232 220 194
-0.033242 -0.025836 0.442000 1 123 110
-0.032389 -0.026070 0.446000 26 152 144
-0.031445 -0.026245 0.449000 245 11 2
-0.030350 -0.026303 0.450000 247 13 4
-0.082356 -0.023687 0.424000 54 236 255
-0.081259 -0.023687 0.424000 193 47 194
-0.080162 -0.023687 0.424000 94 255 255
-0.079064 -0.023687 0.424000 105 255 255
-0.077967 -0.023687 0.424000 13 167 223
-0.076870 -0.023687 0.424000 62 216 255
-0.075773 -0.023687 0.424000 110 255 255
-0.074500 -0.023631 0.423000 116 255 255
-0.073405 -0.023631 0.423000 114 255 255
-0.072311 -0.023631 0.423000 107 249 251
-0.071048 -0.023575 0.422000 115 255 255
-0.070122 -0.023631 0.423000 118 255 255
-0.069027 -0.023631 0.423000 85 237 255
-0.067933 -0.023631 0.423000 94 255 255
-0.066838 -0.023631 0.423000 106 255 255
-0.065743 -0.023631 0.423000 105 255 255
-0.064649 -0.023631 0.423000 49 209 243
-0.063554 -0.023631 0.423000 94 39 100
-0.062460 -0.023631 0.423000 14 23 128
-0.061365 -0.023631 0.423000 45 247 116
-0.060271 -0.023631 0.423000 62 7 132
-0.059036 -0.023575 0.422000 49 207 64
-0.057944 -0.023575 0.422000 118 27 128
-0.056852 -0.023575 0.422000 106 135 240
-0.055628 -0.023519 0.421000 72 78 208
-0.054539 -0.023519 0.421000 132 71 136
-0.053323 -0.023463 0.420000 228 167 232
-0.052236 -0.023463 0.420000 220 103 120
-0.051149 -0.023463 0.420000 98 39 112
-0.050062 -0.023463 0.420000 66 7 80
-0.048859 -0.023407 0.419000 73 190 200
-0.047775 -0.023407 0.419000 217 65 192
-0.046691 -0.023407 0.419000 14 196 255
-0.045715 -0.023463 0.420000 125 198 196
-0.044628 -0.023463 0.420000 152 253 124
-0.043645 -0.023519 0.421000 75 228 255
-0.042657 -0.023575 0.422000 94 240 247
-0.041664 -0.023631 0.423000 33 156 138
-0.040665 -0.023687 0.424000 3 126 108
-0.039568 -0.023687 0.424000 160 150 114
-0.038561 -0.023742 0.425000 146 152 150
-0.037638 -0.023854 0.427000 142 146 158
-0.036704 -0.023966 0.429000 164 168 180
-0.035843 -0.024133 0.432000 242 234 212
-0.034966 -0.024301 0.435000 250 254 222
-0.033996 -0.024413 0.437000 236 224 194
-0.033016 -0.024524 0.439000 236 224 194
-0.032098 -0.024692 0.442000 7 131 120
-0.085445 -0.022536 0.423000 64 233 255
-0.084351 -0.022536 0.423000 92 247 255
-0.083256 -0.022536 0.423000 14 176 227
-0.082162 -0.022536 0.423000 45 217 255
-0.081067 -0.022536 0.423000 233 65 182
-0.079972 -0.022536 0.423000 102 255 255
-0.078878 -0.022536 0.423000 110 255 255
-0.077783 -0.022536 0.423000 195 15 150
-0.076508 -0.022483 0.422000 141 5 180
-0.075416 -0.022483 0.422000 201 65 240
-0.074324 -0.022483 0.422000 106 255 255
-0.073232 -0.022483 0.422000 118 255 255
-0.072140 -0.022483 0.422000 121 255 254
-0.071048 -0.022483 0.422000 121 255 254
-0.069956 -0.022483 0.422000 122 255 255
-0.068864 -0.022483 0.422000 16 164 202
-0.067772 -0.022483 0.422000 195 65 224
-0.066680 -0.022483 0.422000 131 246 240
-0.065588 -0.022483 0.422000 172 31 24
-0.064496 -0.022483 0.422000 24 191 80
-0.063404 -0.022483 0.422000 8 143 0
-0.062312 -0.022483 0.422000 103 205 224
-0.061220 -0.022483 0.422000 203 190 168
-0.060128 -0.022483 0.422000 42 35 152
-0.059036 -0.022483 0.422000 98 79 200
-0.057807 -0.022430 0.421000 132 71 136
-0.056718 -0.022430 0.421000 177 127 0
-0.055496 -0.022376 0.420000 209 255 96
-0.054280 -0.022323 0.419000 241 94 192
-0.053196 -0.022323 0.419000 132 119 200
-0.051987 -0.022270 0.418000 228 79 56
-0.050906 -0.022270 0.418000 97 235 44
-0.049824 -0.022270 0.418000 65 170 184
-0.048742 -0.022270 0.418000 89 194 208
-0.047661 -0.022270 0.418000 249 119 252
-0.046579 -0.022270 0.418000 239 97 242
-0.045606 -0.022323 0.419000 213 31 130
-0.044628 -0.022376 0.420000 15 180 230
-0.043645 -0.022430 0.421000 87 234 252
-0.042657 -0.022483 0.422000 96 230 232
-0.041565 -0.022483 0.422000 9 126 101
-0.040665 -0.022589 0.424000 210 188 138
-0.039568 -0.022589 0.424000 152 146 114
-0.038561 -0.022643 0.425000 136 148 148
-0.037550 -0.022696 0.426000 144 144 152
-0.036619 -0.022802 0.428000 216 198 180
-0.035677 -0.022909 0.430000 224 206 188
-0.033763 -0.023122 0.434000 248 238 198
-0.087427 -0.021391 0.422000 239 65 170
-0.086335 -0.021391 0.422000 19 188 241
-0.085243 -0.021391 0.422000 96 255 255
-0.084151 -0.021391 0.422000 104 255 255
-0.083059 -0.021391 0.422000 105 255 255
-0.081967 -0.021391 0.422000 43 206 250
-0.080875 -0.021391 0.422000 245 59 146
-0.079783 -0.021391 0.422000 105 255 255
-0.078691 -0.021391 0.422000 106 255 255
-0.077599 -0.021391 0.422000 171 17 162
-0.076508 -0.021391 0.422000 126 31 116
-0.075237 -0.021340 0.421000 155 43 214
-0.074148 -0.021340 0.421000 72 235 255
-0.073058 -0.021340 0.421000 109 255 255
-0.071969 -0.021340 0.421000 73 212 212
-0.070879 -0.021340 0.421000 121 255 255
-0.069790 -0.021340 0.421000 121 255 255
-0.068701 -0.021340 0.421000 197 1 88
-0.067611 -0.021340 0.421000 236 23 40
-0.066680 -0.021391 0.422000 145 126 32
-0.065588 -0.021391 0.422000 8 255 80
-0.064496 -0.021391 0.422000 177 61 192
-0.063404 -0.021391 0.422000 207 91 128
-0.062165 -0.021340 0.421000 103 29 0
-0.061075 -0.021340 0.421000 62 99 220
-0.059986 -0.021340 0.421000 14 51 172
-0.058757 -0.021289 0.420000 40 94 208
-0.057670 -0.021289 0.420000 98 125 128
-0.056448 -0.021239 0.419000 35 126 128
-0.055364 -0.021239 0.419000 198 124 128
-0.054150 -0.021188 0.418000 99 190 192
-0.052942 -0.021137 0.417000 30 75 192
-0.051863 -0.021137 0.417000 37 74 80
-0.050784 -0.021137 0.417000 85 198 228
-0.049705 -0.021137 0.417000 213 85 230
-0.048626 -0.021137 0.417000 211 83 228
-0.047547 -0.021137 0.417000 132 247 144
-0.046579 -0.021188 0.418000 215 35 138
-0.045498 -0.021188 0.418000 86 242 255
-0.044628 -0.021289 0.420000 93 249 255
-0.043542 -0.021289 0.420000 36 167 166
-0.042556 -0.021340 0.421000 20 140 116
-0.041565 -0.021391 0.422000 176 166 126
-0.040569 -0.021442 0.423000 146 136 96
-0.039568 -0.021492 0.424000 138 142 124
-0.038561 -0.021543 0.425000 125 21 20
-0.037550 -0.021594 0.426000 162 152 148
-0.036533 -0.021644 0.427000 188 160 144
-0.035594 -0.021746 0.429000 204 176 160
-0.034484 -0.021746 0.429000 8 128 114
-0.033530 -0.021847 0.431000 0 123 101
-0.092667 -0.020251 0.421000 177 127 254
-0.091577 -0.020251 0.421000 41 227 20
-0.090488 -0.020251 0.421000 147 47 200
-0.089399 -0.020251 0.421000 98 255 255
-0.088309 -0.020251 0.421000 106 255 255
-0.087220 -0.020251 0.421000 13 180 229
-0.086131 -0.020251 0.421000 229 51 148
-0.085041 -0.020251 0.421000 89 251 255
-0.083952 -0.020251 0.421000 105 255 255
-0.082862 -0.020251 0.421000 105 255 255
-0.081773 -0.020251 0.421000 69 233 255
-0.080684 -0.020251 0.421000 237 53 130
-0.079594 -0.020251 0.421000 103 255 255
-0.078505 -0.020251 0.421000 60 216 247
-0.077416 -0.020251 0.421000 145 15 174
-0.076145 -0.020203 0.420000 181 61 190
-0.075058 -0.020203 0.420000 34 230 255
-0.074148 -0.020251 0.421000 14 192 240
-0.073058 -0.020251 0.421000 132 245 148
-0.071969 -0.020251 0.421000 44 210 255
-0.070711 -0.020203 0.420000 88 247 255
-0.069790 -0.020251 0.421000 59 218 255
-0.068701 -0.020251 0.421000 33 247 60
-0.067611 -0.020251 0.421000 7 237 176
-0.066522 -0.020251 0.421000 156 39 24
-0.065433 -0.020251 0.421000 225 158 0
-0.064343 -0.020251 0.421000 132 47 0
-0.063254 -0.020251 0.421000 204 159 152
-0.062017 -0.020203 0.420000 40 239 48
-0.060930 -0.020203 0.420000 99 253 64
-0.059843 -0.020203 0.420000 178 62 224
-0.058617 -0.020155 0.419000 12 248 0
-0.057395 -0.020107 0.418000 12 248 0
-0.056314 -0.020107 0.418000 9 243 0
-0.055100 -0.020058 0.417000 1 251 104
-0.053891 -0.020010 0.416000 147 134 96
-0.052815 -0.020010 0.416000 219 37 168
-0.051738 -0.020010 0.416000 165 61 202
-0.050662 -0.020010 0.416000 155 49 204
-0.049586 -0.020010 0.416000 157 19 176
-0.048509 -0.020010 0.416000 161 23 180
-0.047547 -0.020058 0.417000 243 71 212
-0.046468 -0.020058 0.417000 66 226 255
-0.045498 -0.020107 0.418000 99 248 254
-0.044522 -0.020155 0.419000 83 232 238
-0.043542 -0.020203 0.420000 19 135 117
-0.042556 -0.020251 0.421000 212 196 148
-0.041565 -0.020299 0.422000 144 140 124
-0.040569 -0.020347 0.423000 130 136 138
-0.039568 -0.020395 0.424000 130 136 138
-0.038561 -0.020443 0.425000 140 146 148
-0.037462 -0.020443 0.425000 172 158 142
-0.036448 -0.020491 0.426000 218 188 164
-0.035428 -0.020539 0.427000 202 172 148
-0.034323 -0.020539 0.427000 8 124 104
-0.033296 -0.020588 0.428000 14 131 106
-0.094620 -0.019116 0.420000 235 198 40
-0.093533 -0.019116 0.420000 25 255 44
-0.092447 -0.019116 0.420000 29 251 32
-0.091360 -0.019116 0.420000 125 247 20
-0.090273 -0.019116 0.420000 125 247 20
-0.089186 -0.019116 0.420000 98 255 255
-0.088099 -0.019116 0.420000 105 255 255
-0.087013 -0.019116 0.420000 26 192 235
-0.085926 -0.019116 0.420000 40 215 255
-0.084839 -0.019116 0.420000 44 219 255
-0.083752 -0.019116 0.420000 56 226 255
-0.082666 -0.019116 0.420000 49 222 255
-0.081579 -0.019116 0.420000 134 235 110
-0.080492 -0.019116 0.420000 161 5 136
-0.079405 -0.019116 0.420000 255 75 182
-0.078318 -0.019116 0.420000 166 247 102
-0.077232 -0.019116 0.420000 105 235 12
-0.076145 -0.019116 0.420000 41 233 255
-0.075058 -0.019116 0.420000 239 111 238
-0.073971 -0.019116 0.420000 21 194 240
-0.072885 -0.019116 0.420000 21 203 16
-0.071798 -0.019116 0.420000 9 171 0
-0.070711 -0.019116 0.420000 187 126 0
-0.069624 -0.019116 0.420000 195 134 8
-0.068538 -0.019116 0.420000 208 26 96
-0.067451 -0.019116 0.420000 243 160 0
-0.066364 -0.019116 0.420000 24 62 16
-0.065277 -0.019116 0.420000 88 126 80
-0.064190 -0.019116 0.420000 104 222 224
-0.063104 -0.019116 0.420000 8 255 80
-0.062017 -0.019116 0.420000 146 159 32
-0.060785 -0.019070 0.419000 13 247 0
-0.059558 -0.019025 0.418000 13 247 0
-0.058477 -0.019025 0.418000 13 249 0
-0.057258 -0.018979 0.417000 10 245 0
-0.056179 -0.018979 0.417000 147 230 232
-0.054968 -0.018934 0.416000 13 175 12
-0.053762 -0.018888 0.415000 5 167 4
-0.052688 -0.018888 0.415000 118 47 88
-0.051614 -0.018888 0.415000 147 57 202
-0.050540 -0.018888 0.415000 122 51 100
-0.049586 -0.018934 0.416000 207 39 156
-0.048509 -0.018934 0.416000 51 223 255
-0.047433 -0.018934 0.416000 108 255 255
-0.046468 -0.018979 0.417000 107 246 244
-0.045498 -0.019025 0.418000 20 136 109
-0.044628 -0.019116 0.420000 252 228 174
-0.043542 -0.019116 0.420000 198 164 110
-0.042657 -0.019207 0.422000 180 158 144
-0.041565 -0.019207 0.422000 113 9 16
-0.040569 -0.019252 0.423000 97 1 4
-0.039568 -0.019298 0.424000 113 17 20
-0.038471 -0.019298 0.424000 176 160 154
-0.037462 -0.019344 0.425000 176 144 130
-0.036362 -0.019344 0.425000 208 168 148
-0.035262 -0.019344 0.425000 202 162 142
-0.034163 -0.019344 0.425000 9 121 98
-0.033063 -0.019344 0.425000 12 128 101
-0.031963 -0.019344 0.425000 240 204 140
-0.099578 -0.017943 0.418000 221 55 186
-0.098496 -0.017943 0.418000 86 83 200
-0.097647 -0.017986 0.419000 172 127 120
-0.096563 -0.017986 0.419000 188 143 120
-0.095479 -0.017986 0.419000 212 167 144
-0.094620 -0.018029 0.420000 164 22 184
-0.093533 -0.018029 0.420000 219 230 96
-0.092447 -0.018029 0.420000 5 235 24
-0.091360 -0.018029 0.420000 253 113 226
-0.090273 -0.018029 0.420000 33 219 255
-0.088974 -0.017986 0.419000 78 243 255
-0.087890 -0.017986 0.419000 66 235 255
-0.086806 -0.017986 0.419000 18 195 248
-0.085517 -0.017943 0.418000 237 111 242
-0.084637 -0.017986 0.419000 227 101 232
-0.083553 -0.017986 0.419000 177 29 158
-0.082469 -0.017986 0.419000 69 210 248
-0.081385 -0.017986 0.419000 69 227 20
-0.080300 -0.017986 0.419000 25 205 255
-0.079216 -0.017986 0.419000 41 221 255
-0.078132 -0.017986 0.419000 150 249 102
-0.077048 -0.017986 0.419000 13 170 212
-0.075964 -0.017986 0.419000 29 186 244
-0.074879 -0.017986 0.419000 235 37 152
-0.073971 -0.018029 0.420000 251 142 8
-0.072885 -0.018029 0.420000 17 231 44
-0.071798 -0.018029 0.420000 227 182 80
-0.070543 -0.017986 0.419000 132 54 208
-0.069624 -0.018029 0.420000 72 45 96
-0.068538 -0.018029 0.420000 177 221 32
-0.067451 -0.018029 0.420000 35 125 128
-0.066364 -0.018029 0.420000 199 252 128
-0.065277 -0.018029 0.420000 199 253 128
-0.064190 -0.018029 0.420000 210 159 224
-0.063104 -0.018029 0.420000 100 127 64
-0.061869 -0.017986 0.419000 36 127 64
-0.060640 -0.017943 0.418000 15 249 0
-0.059558 -0.017943 0.418000 13 247 0
-0.058337 -0.017900 0.417000 241 170 0
-0.057121 -0.017857 0.416000 139 142 64
-0.056044 -0.017857 0.416000 9 174 240
-0.054836 -0.017815 0.415000 149 35 184
-0.053762 -0.017815 0.415000 131 23 178
-0.052561 -0.017772 0.414000 118 31 84
-0.051614 -0.017815 0.415000 169 49 200
-0.050540 -0.017815 0.415000 24 199 239
-0.049466 -0.017815 0.415000 106 255 255
-0.048509 -0.017857 0.416000 98 255 255
-0.047433 -0.017857 0.416000 33 163 154
-0.046468 -0.017900 0.417000 21 130 101
-0.045498 -0.017943 0.418000 234 204 148
-0.044522 -0.017986 0.419000 216 186 130
-0.043542 -0.018029 0.420000 158 130 122
-0.042556 -0.018072 0.421000 136 124 128
-0.041565 -0.018115 0.422000 96 248 240
-0.040569 -0.018158 0.423000 101 5 0
-0.039568 -0.018201 0.424000 109 13 8
-0.038471 -0.018201 0.424000 168 150 136
-0.037374 -0.018201 0.424000 174 134 118
-0.036276 -0.018201 0.424000 190 150 130
-0.035179 -0.018201 0.424000 196 156 136
-0.034082 -0.018201 0.424000 8 123 101
-0.032985 -0.018201 0.424000 0 116 85
-0.103407 -0.016781 0.416000 119 255 255
-0.102330 -0.016781 0.416000 119 255 254
-0.101254 -0.016781 0.416000 119 255 255
-0.100178 -0.016781 0.416000 94 242 255
-0.099339 -0.016821 0.417000 41 189 215
-0.098260 -0.016821 0.417000 195 53 206
-0.097414 -0.016862 0.418000 22 75 192
-0.096563 -0.016902 0.419000 72 158 128
-0.095479 -0.016902 0.419000 140 119 104
-0.094620 -0.016942 0.420000 104 93 208
-0.093533 -0.016942 0.420000 203 246 152
-0.092447 -0.016942 0.420000 251 206 72
-0.091360 -0.016942 0.420000 223 89 226
-0.090273 -0.016942 0.420000 239 105 242
-0.088974 -0.016902 0.419000 56 228 255
-0.087680 -0.016862 0.418000 121 210 204
-0.086598 -0.016862 0.418000 61 247 32
-0.085517 -0.016862 0.418000 50 23 68
-0.084435 -0.016862 0.418000 38 11 56
-0.083354 -0.016862 0.418000 22 3 44
-0.082272 -0.016862 0.418000 38 11 56
-0.081190 -0.016862 0.418000 33 247 40
-0.080109 -0.016862 0.418000 102 15 60
-0.079027 -0.016862 0.418000 53 223 12
-0.077946 -0.016862 0.418000 37 251 44
-0.076864 -0.016862 0.418000 244 22 152
-0.075964 -0.016902 0.419000 2 15 92
-0.074879 -0.016902 0.419000 2 15 92
-0.073795 -0.016902 0.419000 212 14 192
-0.072711 -0.016902 0.419000 139 254 248
-0.071627 -0.016902 0.419000 208 61 32
-0.070543 -0.016902 0.419000 177 30 128
-0.069459 -0.016902 0.419000 177 30 128
-0.068538 -0.016942 0.420000 11 248 0
-0.067451 -0.016942 0.420000 198 124 128
-0.066364 -0.016942 0.420000 14 250 0
-0.065277 -0.016942 0.420000 13 249 0
-0.064038 -0.016902 0.419000 12 248 0
-0.062953 -0.016902 0.419000 197 123 0
-0.061722 -0.016862 0.418000 245 176 0
-0.060495 -0.016821 0.417000 148 103 96
-0.059416 -0.016821 0.417000 227 174 112
-0.058197 -0.016781 0.416000 195 142 80
-0.056983 -0.016741 0.415000 49 219 36
-0.055909 -0.016741 0.415000 114 31 76
-0.054703 -0.016700 0.414000 143 35 186
-0.053632 -0.016700 0.414000 134 255 150
-0.052561 -0.016700 0.414000 175 39 190
-0.051490 -0.016700 0.414000 68 238 255
-0.050540 -0.016741 0.415000 99 255 255
-0.049466 -0.016741 0.415000 93 233 225
-0.048509 -0.016781 0.416000 51 191 183
-0.047433 -0.016781 0.416000 23 135 112
-0.046468 -0.016821 0.417000 254 220 166
-0.045498 -0.016862 0.418000 186 160 138
-0.044522 -0.016902 0.419000 150 124 102
-0.043542 -0.016942 0.420000 148 130 136
-0.042556 -0.016983 0.421000 120 244 244
-0.041565 -0.017023 0.422000 112 240 240
-0.040473 -0.017023 0.422000 113 0 236
-0.039475 -0.017063 0.423000 125 12 248
-0.038380 -0.017063 0.423000 166 156 116
-0.037374 -0.017104 0.424000 176 150 106
-0.036276 -0.017104 0.424000 188 152 108
-0.035179 -0.017104 0.424000 244 208 164
-0.034082 -0.017104 0.424000 29 136 94
-0.109312 -0.015780 0.418000 235 9 34
-0.107971 -0.015742 0.417000 117 37 100
-0.106636 -0.015705 0.416000 124 253 84
-0.105560 -0.015705 0.416000 230 216 242
-0.104232 -0.015667 0.415000 103 226 234
-0.103158 -0.015667 0.415000 127 250 255
-0.102084 -0.015667 0.415000 126 254 254
-0.101011 -0.015667 0.415000 124 255 254
-0.100178 -0.015705 0.416000 122 255 254
-0.099101 -0.015705 0.416000 122 255 254
-0.098260 -0.015742 0.417000 96 233 243
-0.097414 -0.015780 0.418000 29 195 247
-0.096563 -0.015818 0.419000 167 57 222
-0.095479 -0.015818 0.419000 18 35 136
-0.094620 -0.015856 0.420000 228 6 208
-0.093533 -0.015856 0.420000 204 14 168
-0.092447 -0.015856 0.420000 203 230 128
-0.091360 -0.015856 0.420000 203 206 112
-0.090273 -0.015856 0.420000 203 206 112
-0.088974 -0.015818 0.419000 227 206 96
-0.087680 -0.015780 0.418000 251 254 136
-0.086598 -0.015780 0.418000 5 251 52
-0.085312 -0.015742 0.417000 2 7 60
-0.084233 -0.015742 0.417000 243 254 104
-0.083154 -0.015742 0.417000 228 6 104
-0.082075 -0.015742 0.417000 211 246 88
-0.080996 -0.015742 0.417000 252 6 112
-0.079917 -0.015742 0.417000 66 23 80
-0.079027 -0.015780 0.418000 37 251 52
-0.077946 -0.015780 0.418000 18 7 64
-0.076864 -0.015780 0.418000 203 254 120
-0.075782 -0.015780 0.418000 188 38 176
-0.074701 -0.015780 0.418000 156 6 144
-0.073619 -0.015780 0.418000 104 13 160
-0.072538 -0.015780 0.418000 239 220 64
-0.071456 -0.015780 0.418000 96 187 192
-0.070543 -0.015818 0.419000 144 254 160
-0.069459 -0.015818 0.419000 177 30 192
-0.068374 -0.015818 0.419000 197 124 0
-0.067290 -0.015818 0.419000 11 248 0
-0.066206 -0.015818 0.419000 35 126 128
-0.065122 -0.015818 0.419000 240 253 224
-0.064038 -0.015818 0.419000 255 206 0
-0.062803 -0.015780 0.418000 55 61 80
-0.061574 -0.015742 0.417000 195 126 56
-0.060350 -0.015705 0.416000 203 45 224
-0.059273 -0.015705 0.416000 131 21 196
-0.058057 -0.015667 0.415000 157 47 222
-0.056983 -0.015667 0.415000 183 67 234
-0.055775 -0.015629 0.414000 185 51 208
-0.054703 -0.015629 0.414000 1 166 223
-0.053632 -0.015629 0.414000 107 255 255
-0.052561 -0.015629 0.414000 108 255 255
-0.051490 -0.015629 0.414000 104 243 241
-0.050540 -0.015667 0.415000 66 189 167
-0.049466 -0.015667 0.415000 20 132 88
-0.048509 -0.015705 0.416000 1 113 69
-0.047433 -0.015705 0.416000 196 154 92
-0.046468 -0.015742 0.417000 192 156 134
-0.045498 -0.015780 0.418000 154 140 128
-0.044416 -0.015780 0.418000 120 252 236
-0.043542 -0.015856 0.420000 120 252 236
-0.042455 -0.015856 0.420000 116 244 244
-0.041467 -0.015893 0.421000 116 244 244
-0.040473 -0.015931 0.422000 116 244 220
-0.039381 -0.015931 0.422000 138 138 126
-0.038380 -0.015969 0.423000 196 168 134
-0.037285 -0.015969 0.423000 182 152 96
-0.036191 -0.015969 0.423000 24 127 50
-0.035096 -0.015969 0.423000 57 160 83
-0.034002 -0.015969 0.423000 61 160 69
-0.127509 -0.016035 0.456000 117 49 44
-0.126052 -0.016000 0.455000 134 158 162
-0.111714 -0.014874 0.423000 148 176 184
-0.109835 -0.014769 0.420000 2 131 144
-0.108230 -0.014699 0.418000 174 196 214
-0.106892 -0.014663 0.417000 93 25 92
-0.105560 -0.014628 0.416000 166 160 202
-0.104232 -0.014593 0.415000 158 132 168
-0.102910 -0.014558 0.414000 218 192 228
-0.101838 -0.014558 0.414000 109 225 236
-0.101011 -0.014593 0.415000 125 253 253
-0.099937 -0.014593 0.415000 124 255 254
-0.099101 -0.014628 0.416000 124 255 254
-0.098025 -0.014628 0.416000 122 255 254
-0.097414 -0.014699 0.418000 110 255 255
-0.096563 -0.014734 0.419000 13 178 235
-0.095707 -0.014769 0.420000 239 57 170
-0.094620 -0.014769 0.420000 143 27 190
-0.093756 -0.014804 0.421000 26 15 80
-0.092667 -0.014804 0.421000 203 238 112
-0.091360 -0.014769 0.420000 171 214 120
-0.090273 -0.014769 0.420000 171 214 120
-0.088974 -0.014734 0.419000 147 214 112
-0.087680 -0.014699 0.418000 179 246 144
-0.086598 -0.014699 0.418000 211 246 120
-0.085312 -0.014663 0.417000 211 246 104
-0.084031 -0.014628 0.416000 147 182 40
-0.082955 -0.014628 0.416000 203 238 96
-0.081878 -0.014628 0.416000 203 238 96
-0.080802 -0.014628 0.416000 236 14 128
-0.079917 -0.014663 0.417000 2 7 68
-0.078838 -0.014663 0.417000 219 230 96
-0.077759 -0.014663 0.417000 155 190 48
-0.076680 -0.014663 0.417000 119 140 112
-0.075782 -0.014699 0.418000 39 172 224
-0.074701 -0.014699 0.418000 239 250 64
-0.073619 -0.014699 0.418000 239 250 64
-0.072538 -0.014699 0.418000 104 141 208
-0.071456 -0.014699 0.418000 120 29 176
-0.070374 -0.014699 0.418000 164 30 240
-0.069293 -0.014699 0.418000 156 22 232
-0.068211 -0.014699 0.418000 55 28 240
-0.067130 -0.014699 0.418000 191 118 0
-0.066048 -0.014699 0.418000 187 94 8
-0.064966 -0.014699 0.418000 45 179 0
-0.063885 -0.014699 0.418000 53 187 8
-0.062653 -0.014663 0.417000 155 29 196
-0.061426 -0.014628 0.416000 4 189 255
-0.060350 -0.014628 0.416000 18 203 255
-0.059131 -0.014593 0.415000 217 79 236
-0.057917 -0.014558 0.414000 179 41 198
-0.056846 -0.014558 0.414000 25 196 255
-0.055775 -0.014558 0.414000 81 242 255
-0.054703 -0.014558 0.414000 107 255 255
-0.053632 -0.014558 0.414000 117 255 255
-0.052561 -0.014558 0.414000 107 248 247
-0.051490 -0.014558 0.414000 36 158 145
-0.050540 -0.014593 0.415000 41 149 111
-0.049586 -0.014628 0.416000 7 113 74
-0.048509 -0.014628 0.416000 244 200 122
-0.047433 -0.014628 0.416000 192 146 104
-0.046468 -0.014663 0.417000 184 146 112
-0.045498 -0.014699 0.418000 172 152 128
-0.044416 -0.014699 0.418000 116 244 220
-0.043438 -0.014734 0.419000 120 248 224
-0.042455 -0.014769 0.420000 112 244 228
-0.041368 -0.014769 0.420000 116 248 232
-0.040377 -0.014804 0.421000 120 236 216
-0.039381 -0.014839 0.422000 140 134 124
-0.038289 -0.014839 0.422000 202 164 138
-0.037285 -0.014874 0.423000 216 168 86
-0.036191 -0.014874 0.423000 63 153 27
-0.138431 -0.014887 0.457000 117 41 20
-0.137249 -0.014887 0.457000 105 37 32
-0.136066 -0.014887 0.457000 128 158 156
-0.134884 -0.014887 0.457000 97 37 40
-0.133701 -0.014887 0.457000 93 37 28
-0.132519 -0.014887 0.457000 121 37 36
-0.131336 -0.014887 0.457000 134 134 142
-0.129869 -0.014855 0.456000 144 144 152
-0.128689 -0.014855 0.456000 138 154 152
-0.127229 -0.014822 0.455000 117 45 60
-0.126052 -0.014822 0.455000 125 45 60
-0.112770 -0.013910 0.427000 150 174 182
-0.110620 -0.013780 0.423000 196 206 224
-0.108748 -0.013682 0.420000 2 139 149
-0.107149 -0.013617 0.418000 121 61 124
-0.105813 -0.013584 0.417000 136 144 194
-0.104483 -0.013552 0.416000 154 140 184
-0.103158 -0.013519 0.415000 170 156 200
-0.101838 -0.013487 0.414000 2 118 131
-0.101011 -0.013519 0.415000 61 183 189
-0.099937 -0.013519 0.415000 126 253 253
-0.099101 -0.013552 0.416000 127 254 254
-0.098025 -0.013552 0.416000 124 255 251
-0.097414 -0.013617 0.418000 124 255 254
-0.096333 -0.013617 0.418000 121 255 255
-0.095707 -0.013682 0.420000 95 238 255
-0.094620 -0.013682 0.420000 49 192 216
-0.093756 -0.013715 0.421000 227 37 148
-0.092667 -0.013715 0.421000 157 21 168
-0.091577 -0.013715 0.421000 21 247 56
-0.090273 -0.013682 0.420000 25 251 60
-0.088974 -0.013649 0.419000 139 166 64
-0.087680 -0.013617 0.418000 139 246 128
-0.086391 -0.013584 0.417000 147 254 120
-0.085108 -0.013552 0.416000 187 230 120
-0.084031 -0.013552 0.416000 171 214 104
-0.082955 -0.013552 0.416000 147 174 72
-0.081878 -0.013552 0.416000 139 166 64
-0.080802 -0.013552 0.416000 139 118 8
-0.079725 -0.013552 0.416000 179 134 32
-0.078838 -0.013584 0.417000 179 134 32
-0.077759 -0.013584 0.417000 203 110 8
-0.076680 -0.013584 0.417000 195 53 208
-0.075601 -0.013584 0.417000 179 61 208
-0.074522 -0.013584 0.417000 187 37 176
-0.073619 -0.013617 0.418000 131 166 40
-0.072538 -0.013617 0.418000 211 214 96
-0.071456 -0.013617 0.418000 163 102 8
-0.070206 -0.013584 0.417000 172 86 160
-0.069127 -0.013584 0.417000 139 118 8
-0.068048 -0.013584 0.417000 243 126 32
-0.066969 -0.013584 0.417000 13 178 252
-0.065890 -0.013584 0.417000 113 207 4
-0.064811 -0.013584 0.417000 163 11 160
-0.063732 -0.013584 0.417000 217 65 214
-0.062503 -0.013552 0.416000 29 211 255
-0.061279 -0.013519 0.415000 41 213 255
-0.060205 -0.013519 0.415000 255 85 212
-0.058988 -0.013487 0.414000 251 89 200
-0.057917 -0.013487 0.414000 32 207 255
-0.056846 -0.013487 0.414000 88 250 255
-0.055775 -0.013487 0.414000 99 252 255
-0.054703 -0.013487 0.414000 79 208 195
-0.053632 -0.013487 0.414000 35 146 105
-0.052561 -0.013487 0.414000 32 143 102
-0.051490 -0.013487 0.414000 250 196 122
-0.050540 -0.013519 0.415000 238 200 146
-0.049586 -0.013552 0.416000 196 156 116
-0.048509 -0.013552 0.416000 182 142 102
-0.047433 -0.013552 0.416000 250 202 148
-0.046468 -0.013584 0.417000 14 114 68
-0.045389 -0.013584 0.417000 16 116 86
-0.044416 -0.013617 0.418000 134 120 108
-0.043334 -0.013617 0.418000 128 114 102
-0.042354 -0.013649 0.419000 120 248 232
-0.041368 -0.013682 0.420000 134 128 118
-0.040281 -0.013682 0.420000 168 126 92
-0.039288 -0.013715 0.421000 182 140 106
-0.038289 -0.013747 0.422000 10 97 46
-0.037197 -0.013747 0.422000 41 128 0
-0.036105 -0.013747 0.422000 125 220 23
-0.142848 -0.013675 0.456000 128 150 146
-0.141979 -0.013705 0.457000 121 37 28
-0.140796 -0.013705 0.457000 105 29 16
-0.139614 -0.013705 0.457000 125 49 36
-0.138431 -0.013705 0.457000 113 37 16
-0.137249 -0.013705 0.457000 117 41 36
-0.136066 -0.013705 0.457000 128 154 152
-0.134884 -0.013705 0.457000 105 33 40
-0.133701 -0.013705 0.457000 105 33 40
-0.132229 -0.013675 0.456000 121 37 36
-0.131049 -0.013675 0.456000 134 146 150
-0.129869 -0.013675 0.456000 130 142 146
-0.128407 -0.013645 0.455000 132 146 154
-0.127229 -0.013645 0.455000 125 45 60
-0.125775 -0.013615 0.454000 125 45 60
-0.124051 -0.013555 0.452000 117 37 52
-0.111404 -0.012775 0.426000 152 164 186
-0.109525 -0.012685 0.423000 204 221 2
-0.107661 -0.012595 0.420000 200 241 10
-0.106067 -0.012535 0.418000 136 164 204
-0.104483 -0.012475 0.416000 101 29 116
-0.103158 -0.012445 0.415000 93 21 108
-0.102084 -0.012445 0.415000 130 148 190
-0.101011 -0.012445 0.415000 166 164 186
-0.099937 -0.012445 0.415000 188 176 188
-0.099101 -0.012475 0.416000 4 126 132
-0.098025 -0.012475 0.416000 105 222 226
-0.097181 -0.012505 0.417000 127 254 251
-0.096333 -0.012535 0.418000 124 255 249
-0.095707 -0.012595 0.420000 122 255 251
-0.094620 -0.012595 0.420000 122 255 251
-0.093756 -0.012625 0.421000 58 205 223
-0.092667 -0.012625 0.421000 0 162 211
-0.091360 -0.012595 0.420000 157 17 152
-0.090273 -0.012595 0.420000 143 3 138
-0.088974 -0.012565 0.419000 69 255 48
-0.087680 -0.012535 0.418000 211 246 104
-0.086391 -0.012505 0.417000 179 254 112
-0.085108 -0.012475 0.416000 203 238 112
-0.084031 -0.012475 0.416000 195 230 104
-0.082955 -0.012475 0.416000 147 174 72
-0.081681 -0.012445 0.415000 139 142 48
-0.080802 -0.012475 0.416000 163 142 32
-0.079725 -0.012475 0.416000 131 85 224
-0.078649 -0.012475 0.416000 171 126 8
-0.077573 -0.012475 0.416000 187 93 232
-0.076680 -0.012505 0.417000 211 77 192
-0.075601 -0.012505 0.417000 211 37 168
-0.074522 -0.012505 0.417000 45 199 12
-0.073443 -0.012505 0.417000 61 215 28
-0.072364 -0.012505 0.417000 33 178 240
-0.071114 -0.012475 0.416000 5 174 240
-0.070038 -0.012475 0.416000 9 211 16
-0.068961 -0.012475 0.416000 201 67 204
-0.067885 -0.012475 0.416000 3 192 255
-0.066808 -0.012475 0.416000 72 240 255
-0.065732 -0.012475 0.416000 92 252 255
-0.064656 -0.012475 0.416000 108 255 255
-0.063579 -0.012475 0.416000 96 249 255
-0.062352 -0.012445 0.415000 90 245 254
-0.061279 -0.012445 0.415000 106 255 255
-0.060060 -0.012415 0.414000 108 255 255
-0.058988 -0.012415 0.414000 103 253 252
-0.057777 -0.012385 0.413000 79 229 228
-0.056709 -0.012385 0.413000 48 173 159
-0.055775 -0.012415 0.414000 30 138 102
-0.054703 -0.012415 0.414000 20 128 90
-0.053632 -0.012415 0.414000 218 190 124
-0.052561 -0.012415 0.414000 210 182 116
-0.051614 -0.012445 0.415000 190 158 112
-0.050540 -0.012445 0.415000 184 156 118
-0.049586 -0.012475 0.416000 222 186 122
-0.048509 -0.012475 0.416000 13 123 91
-0.047433 -0.012475 0.416000 18 118 60
-0.046468 -0.012505 0.417000 19 113 62
-0.045498 -0.012535 0.418000 12 113 80
-0.044416 -0.012535 0.418000 146 124 106
-0.043334 -0.012535 0.418000 136 114 96
-0.042253 -0.012535 0.418000 132 118 102
-0.041270 -0.012565 0.419000 158 122 82
-0.040281 -0.012595 0.420000 248 158 50
-0.039195 -0.012595 0.420000 7 90 36
-0.038199 -0.012625 0.421000 69 152 30
-0.037109 -0.012625 0.421000 127 228 41
-0.145208 -0.012495 0.456000 84 244 240
-0.144028 -0.012495 0.456000 113 17 12
-0.142848 -0.012495 0.456000 109 25 16
-0.141668 -0.012495 0.456000 109 25 16
-0.140796 -0.012522 0.457000 109 25 24
-0.139614 -0.012522 0.457000 113 37 24
-0.138431 -0.012522 0.457000 125 29 24
-0.137249 -0.012522 0.457000 113 25 36
-0.136066 -0.012522 0.457000 117 29 40
-0.134588 -0.012495 0.456000 121 33 60
-0.133409 -0.012495 0.456000 128 148 158
-0.132229 -0.012495 0.456000 121 21 36
-0.131049 -0.012495 0.456000 134 148 156
-0.129584 -0.012468 0.455000 132 146 154
-0.128407 -0.012468 0.455000 113 25 44
-0.126950 -0.012440 0.454000 105 25 48
-0.125498 -0.012413 0.453000 117 45 68
-0.123777 -0.012358 0.451000 109 37 60
-0.121794 -0.012276 0.448000 128 156 168
-0.119558 -0.012166 0.444000 134 154 164
-0.108430 -0.011591 0.423000 105 65 152
-0.106575 -0.011509 0.420000 130 172 210
-0.104986 -0.011454 0.418000 136 178 216
-0.103655 -0.011426 0.417000 77 33 100
-0.102330 -0.011399 0.416000 81 17 100
-0.101254 -0.011399 0.416000 117 21 88
-0.100178 -0.011399 0.416000 174 170 192
-0.099101 -0.011399 0.416000 160 156 178
-0.098260 -0.011426 0.417000 232 210 222
-0.097414 -0.011454 0.418000 70 194 197
-0.096333 -0.011454 0.418000 107 239 234
-0.095479 -0.011481 0.419000 122 255 251
-0.094620 -0.011509 0.420000 122 255 251
-0.093533 -0.011509 0.420000 118 255 251
-0.092447 -0.011509 0.420000 113 255 255
-0.091360 -0.011509 0.420000 102 255 255
-0.090273 -0.011509 0.420000 95 255 255
-0.088974 -0.011481 0.419000 36 201 231
-0.087680 -0.011454 0.418000 189 43 136
-0.086391 -0.011426 0.417000 143 27 136
-0.085108 -0.011399 0.416000 129 11 134
-0.084031 -0.011399 0.416000 102 7 20
-0.082755 -0.011372 0.415000 133 21 156
-0.081681 -0.011372 0.415000 126 39 76
-0.080608 -0.011372 0.415000 143 35 182
-0.079534 -0.011372 0.415000 153 35 180
-0.078649 -0.011399 0.416000 155 37 182
-0.077573 -0.011399 0.416000 181 53 198
-0.076496 -0.011399 0.416000 189 47 192
-0.075420 -0.011399 0.416000 205 47 192
-0.074343 -0.011399 0.416000 225 51 198
-0.073267 -0.011399 0.416000 245 71 218
-0.072190 -0.011399 0.416000 251 79 216
-0.071114 -0.011399 0.416000 245 73 206
-0.069869 -0.011372 0.415000 11 180 231
-0.068795 -0.011372 0.415000 66 222 239
-0.067722 -0.011372 0.415000 102 255 255
-0.066648 -0.011372 0.415000 111 255 255
-0.065574 -0.011372 0.415000 114 255 255
-0.064500 -0.011372 0.415000 116 255 255
-0.063426 -0.011372 0.415000 116 255 255
-0.062202 -0.011344 0.414000 117 255 255
-0.061131 -0.011344 0.414000 113 255 253
-0.060060 -0.011344 0.414000 101 236 228
-0.058988 -0.011344 0.414000 48 169 148
-0.057777 -0.011317 0.413000 26 147 126
-0.056709 -0.011317 0.413000 37 143 106
-0.055775 -0.011344 0.414000 254 204 128
-0.054703 -0.011344 0.414000 216 178 120
-0.053632 -0.011344 0.414000 174 146 112
-0.052561 -0.011344 0.414000 174 146 112
-0.051614 -0.011372 0.415000 174 150 114
-0.050540 -0.011372 0.415000 182 166 118
-0.049586 -0.011399 0.416000 254 218 154
-0.048509 -0.011399 0.416000 10 120 88
-0.047433 -0.011399 0.416000 16 113 61
-0.046468 -0.011426 0.417000 17 106 55
-0.045389 -0.011426 0.417000 0 94 59
-0.044416 -0.011454 0.418000 182 128 84
-0.043334 -0.011454 0.418000 174 120 76
-0.042253 -0.011454 0.418000 18 103 53
-0.041171 -0.011454 0.418000 68 152 13
-0.040185 -0.011481 0.419000 127 234 36
-0.039195 -0.011509 0.420000 127 228 30
-0.038108 -0.011509 0.420000 127 240 10
-0.037021 -0.011509 0.420000 127 253 4
-0.151107 -0.011315 0.456000 101 21 28
-0.149928 -0.011315 0.456000 101 25 20
-0.148748 -0.011315 0.456000 101 33 28
-0.147568 -0.011315 0.456000 97 21 16
-0.146388 -0.011315 0.456000 89 13 8
-0.145208 -0.011315 0.456000 101 25 12
-0.144028 -0.011315 0.456000 105 29 8
-0.142848 -0.011315 0.456000 109 25 16
-0.141668 -0.011315 0.456000 113 29 20
-0.140488 -0.011315 0.456000 109 25 16
-0.139308 -0.011315 0.456000 105 29 16
-0.138128 -0.011315 0.456000 117 33 24
-0.136948 -0.011315 0.456000 117 29 40
-0.135768 -0.011315 0.456000 121 33 44
-0.134588 -0.011315 0.456000 121 33 52
-0.133409 -0.011315 0.456000 121 21 36
-0.131939 -0.011290 0.455000 117 17 32
-0.130761 -0.011290 0.455000 134 148 156
-0.129299 -0.011265 0.454000 128 142 150
-0.128124 -0.011265 0.454000 117 17 40
-0.126670 -0.011241 0.453000 113 25 52
-0.125221 -0.011216 0.452000 109 33 68
-0.123502 -0.011166 0.450000 109 49 68
-0.121794 -0.011117 0.448000 113 53 72
-0.119827 -0.011042 0.445000 132 156 164
-0.117876 -0.010968 0.442000 172 192 198
-0.115411 -0.010844 0.437000 128 152 160
-0.111079 -0.010645 0.429000 121 61 116
-0.107336 -0.010496 0.423000 37 29 112
-0.105488 -0.010422 0.420000 37 29 112
-0.104153 -0.010397 0.419000 89 65 136
-0.102822 -0.010372 0.418000 73 29 96
-0.101741 -0.010372 0.418000 121 57 132
-0.100418 -0.010347 0.417000 101 21 92
-0.099339 -0.010347 0.417000 101 21 92
-0.098496 -0.010372 0.418000 148 148 184
-0.097414 -0.010372 0.418000 182 178 206
-0.096563 -0.010397 0.419000 174 172 186
-0.095479 -0.010397 0.419000 196 190 184
-0.094620 -0.010422 0.420000 236 230 224
-0.093533 -0.010422 0.420000 48 166 164
-0.092447 -0.010422 0.420000 81 206 201
-0.091360 -0.010422 0.420000 98 238 228
-0.090273 -0.010422 0.420000 105 245 235
-0.088974 -0.010397 0.419000 94 244 243
-0.087680 -0.010372 0.418000 81 237 243
-0.086391 -0.010347 0.417000 67 235 255
-0.085108 -0.010322 0.416000 57 227 255
-0.084031 -0.010322 0.416000 21 195 229
-0.082755 -0.010298 0.415000 17 191 225
-0.081681 -0.010298 0.415000 16 194 233
-0.080608 -0.010298 0.415000 15 194 235
-0.079534 -0.010298 0.415000 26 198 242
-0.078460 -0.010298 0.415000 35 207 251
-0.077386 -0.010298 0.415000 49 215 255
-0.076312 -0.010298 0.415000 62 224 255
-0.075238 -0.010298 0.415000 59 218 255
-0.074165 -0.010298 0.415000 71 231 255
-0.073091 -0.010298 0.415000 71 231 255
-0.072017 -0.010298 0.415000 74 232 255
-0.070772 -0.010273 0.414000 78 239 255
-0.069701 -0.010273 0.414000 101 255 255
-0.068630 -0.010273 0.414000 109 255 255
-0.067558 -0.010273 0.414000 109 255 255
-0.066487 -0.010273 0.414000 119 255 251
-0.065416 -0.010273 0.414000 126 255 244
-0.064345 -0.010273 0.414000 109 229 217
-0.063273 -0.010273 0.414000 54 170 150
-0.062202 -0.010273 0.414000 36 152 132
-0.061131 -0.010273 0.414000 36 149 123
-0.060060 -0.010273 0.414000 27 137 103
-0.058846 -0.010248 0.413000 4 109 77
-0.057777 -0.010248 0.413000 222 176 112
-0.056709 -0.010248 0.413000 180 148 106
-0.055640 -0.010248 0.413000 156 138 120
-0.054703 -0.010273 0.414000 148 134 118
-0.053632 -0.010273 0.414000 148 130 120
-0.052561 -0.010273 0.414000 144 126 116
-0.051614 -0.010298 0.415000 244 232 206
-0.050540 -0.010298 0.415000 208 206 154
-0.049586 -0.010322 0.416000 236 200 132
-0.048509 -0.010322 0.416000 250 214 146
-0.047433 -0.010322 0.416000 250 188 110
-0.046468 -0.010347 0.417000 238 166 84
-0.045389 -0.010347 0.417000 254 174 40
-0.044310 -0.010347 0.417000 57 142 7
-0.043231 -0.010347 0.417000 122 207 72
-0.042152 -0.010347 0.417000 124 219 20
-0.041171 -0.010372 0.418000 122 230 0
-0.040090 -0.010372 0.418000 127 233 3
-0.039008 -0.010372 0.418000 127 247 6
-0.153467 -0.010135 0.456000 101 21 28
-0.152287 -0.010135 0.456000 89 9 16
-0.151107 -0.010135 0.456000 117 21 24
-0.149928 -0.010135 0.456000 125 29 32
-0.148748 -0.010135 0.456000 113 29 28
-0.147244 -0.010113 0.455000 85 5 12
-0.146067 -0.010113 0.455000 81 1 8
-0.144889 -0.010113 0.455000 101 25 20
-0.144028 -0.010135 0.456000 109 33 12
-0.142848 -0.010135 0.456000 105 29 16
-0.141668 -0.010135 0.456000 105 25 32
-0.140488 -0.010135 0.456000 105 25 32
-0.139308 -0.010135 0.456000 89 9 16
-0.138128 -0.010135 0.456000 113 37 32
-0.136948 -0.010135 0.456000 117 41 28
-0.135768 -0.010135 0.456000 109 33 20
-0.134293 -0.010113 0.455000 105 29 16
-0.133116 -0.010113 0.455000 113 29 20
-0.131939 -0.010113 0.455000 113 29 28
-0.130474 -0.010091 0.454000 113 25 36
-0.129299 -0.010091 0.454000 113 25 36
-0.127842 -0.010068 0.453000 117 17 32
-0.126670 -0.010068 0.453000 93 5 16
-0.124944 -0.010024 0.451000 101 21 28
-0.123502 -0.010002 0.450000 121 49 56
-0.121794 -0.009957 0.448000 117 45 52
-0.120096 -0.009913 0.446000 117 37 44
-0.118409 -0.009868 0.444000 138 158 168
-0.115940 -0.009757 0.439000 121 21 44
-0.113758 -0.009668 0.435000 109 9 24
-0.109712 -0.009513 0.428000 61 37 100
-0.107843 -0.009446 0.425000 41 33 116
-0.105990 -0.009379 0.422000 29 21 104
-0.104650 -0.009357 0.421000 53 49 112
-0.103314 -0.009335 0.420000 57 33 104
-0.101984 -0.009313 0.419000 97 45 116
-0.100900 -0.009313 0.419000 89 29 92
-0.099578 -0.009291 0.418000 89 29 92
-0.098496 -0.009291 0.418000 101 21 84
-0.097647 -0.009313 0.419000 113 17 76
-0.096563 -0.009313 0.419000 146 156 174
-0.095479 -0.009313 0.419000 190 188 192
-0.094395 -0.009313 0.419000 170 168 172
-0.093533 -0.009335 0.420000 204 182 168
-0.092447 -0.009335 0.420000 234 196 184
-0.091360 -0.009335 0.420000 20 139 122
-0.090058 -0.009313 0.419000 58 186 180
-0.088974 -0.009313 0.419000 81 209 203
-0.087680 -0.009291 0.418000 91 228 221
-0.086391 -0.009268 0.417000 91 230 228
-0.085108 -0.009246 0.416000 106 246 252
-0.084031 -0.009246 0.416000 112 254 255
-0.082755 -0.009224 0.415000 116 255 255
-0.081681 -0.009224 0.415000 114 255 255
-0.080413 -0.009202 0.414000 116 255 255
-0.079342 -0.009202 0.414000 117 255 253
-0.078271 -0.009202 0.414000 118 255 250
-0.077200 -0.009202 0.414000 119 255 251
-0.076128 -0.009202 0.414000 119 255 251
-0.075057 -0.009202 0.414000 119 255 254
-0.073986 -0.009202 0.414000 119 255 255
-0.072915 -0.009202 0.414000 118 255 255
-0.071843 -0.009202 0.414000 111 248 241
-0.070772 -0.009202 0.414000 93 232 211
-0.069533 -0.009179 0.413000 69 201 180
-0.068464 -0.009179 0.413000 50 168 140
-0.067558 -0.009202 0.414000 42 160 132
-0.066487 -0.009202 0.414000 41 152 113
-0.065416 -0.009202 0.414000 28 135 104
-0.064345 -0.009202 0.414000 36 138 109
-0.063273 -0.009202 0.414000 7 113 85
-0.062202 -0.009202 0.414000 244 200 144
-0.061131 -0.009202 0.414000 172 138 102
-0.059915 -0.009179 0.413000 236 206 154
-0.058846 -0.009179 0.413000 178 140 106
-0.057777 -0.009179 0.413000 162 124 90
-0.056709 -0.009179 0.413000 168 142 120
-0.055640 -0.009179 0.413000 144 134 126
-0.054703 -0.009202 0.414000 140 134 124
-0.053632 -0.009202 0.414000 140 134 124
-0.052561 -0.009202 0.414000 134 128 118
-0.051614 -0.009224 0.415000 222 204 186
-0.050540 -0.009224 0.415000 222 208 150
-0.049586 -0.009246 0.416000 244 200 130
-0.048509 -0.009246 0.416000 4 96 59
-0.047433 -0.009246 0.416000 254 182 108
-0.046468 -0.009268 0.417000 27 109 51
-0.045280 -0.009246 0.416000 69 156 28
-0.044310 -0.009268 0.417000 127 229 29
-0.043231 -0.009268 0.417000 127 230 30
-0.042051 -0.009246 0.416000 127 244 8
-0.041073 -0.009268 0.417000 127 250 2
-0.039994 -0.009268 0.417000 127 254 4
-0.039008 -0.009291 0.418000 127 255 17
-0.158534 -0.008975 0.457000 101 25 4
-0.157007 -0.008955 0.456000 105 32 252
-0.155827 -0.008955 0.456000 101 28 248
-0.154647 -0.008955 0.456000 101 25 4
-0.153467 -0.008955 0.456000 117 33 16
-0.152287 -0.008955 0.456000 128 150 142
-0.151107 -0.008955 0.456000 101 4 248
-0.149599 -0.008936 0.455000 113 17 12
-0.148421 -0.008936 0.455000 93 9 8
-0.147244 -0.008936 0.455000 101 17 16
-0.146067 -0.008936 0.455000 101 17 16
-0.144889 -0.008936 0.455000 97 21 16
-0.143712 -0.008936 0.455000 105 21 20
-0.142535 -0.008936 0.455000 93 5 16
-0.141357 -0.008936 0.455000 105 17 36
-0.140180 -0.008936 0.455000 113 25 44
-0.139003 -0.008936 0.455000 113 25 44
-0.137825 -0.008936 0.455000 117 29 40
-0.136648 -0.008936 0.455000 109 25 24
-0.135471 -0.008936 0.455000 105 29 24
-0.134293 -0.008936 0.455000 105 21 12
-0.132823 -0.008916 0.454000 117 33 24
-0.131649 -0.008916 0.454000 113 29 28
-0.130187 -0.008896 0.453000 109 25 24
-0.129014 -0.008896 0.453000 109 25 24
-0.127560 -0.008877 0.452000 105 17 28
-0.126111 -0.008857 0.451000 109 21 32
-0.124944 -0.008857 0.451000 109 21 32
-0.123502 -0.008837 0.450000 128 150 150
-0.121794 -0.008798 0.448000 132 148 150
-0.120366 -0.008778 0.447000 128 144 146
-0.118676 -0.008739 0.445000 138 152 160
-0.116468 -0.008661 0.441000 117 17 32
-0.114281 -0.008582 0.437000 109 13 16
-0.108351 -0.008386 0.427000 33 33 112
-0.106493 -0.008327 0.424000 25 25 104
-0.104898 -0.008287 0.422000 33 33 112
-0.103560 -0.008268 0.421000 25 5 92
-0.102228 -0.008248 0.420000 81 17 100
-0.101141 -0.008248 0.420000 164 184 212
-0.099816 -0.008229 0.419000 144 164 192
-0.098732 -0.008229 0.419000 69 9 28
-0.097647 -0.008229 0.419000 77 17 64
-0.096563 -0.008229 0.419000 65 5 68
-0.095479 -0.008229 0.419000 80 241 52
-0.094395 -0.008229 0.419000 105 9 76
-0.093311 -0.008229 0.419000 138 126 138
-0.092226 -0.008229 0.419000 156 136 136
-0.091142 -0.008229 0.419000 164 146 132
-0.090058 -0.008229 0.419000 198 168 148
-0.088762 -0.008209 0.418000 224 194 174
-0.087680 -0.008209 0.418000 4 111 98
-0.086391 -0.008189 0.417000 1 110 93
-0.085108 -0.008170 0.416000 8 119 94
-0.083829 -0.008150 0.415000 17 122 90
-0.082755 -0.008150 0.415000 28 133 101
-0.081485 -0.008130 0.414000 46 149 113
-0.080413 -0.008130 0.414000 39 142 108
-0.079342 -0.008130 0.414000 107 221 202
-0.078271 -0.008130 0.414000 112 228 208
-0.077200 -0.008130 0.414000 107 223 203
-0.076128 -0.008130 0.414000 94 211 188
-0.075057 -0.008130 0.414000 82 199 176
-0.073986 -0.008130 0.414000 58 174 156
-0.072915 -0.008130 0.414000 54 170 152
-0.071670 -0.008111 0.413000 38 156 128
-0.070601 -0.008111 0.413000 38 156 113
-0.069533 -0.008111 0.413000 36 149 98
-0.068464 -0.008111 0.413000 37 146 99
-0.067395 -0.008111 0.413000 29 138 91
-0.066327 -0.008111 0.413000 8 116 76
-0.065258 -0.008111 0.413000 3 112 85
-0.064345 -0.008130 0.414000 206 164 130
-0.063273 -0.008130 0.414000 172 144 114
-0.062052 -0.008111 0.413000 168 140 110
-0.060983 -0.008111 0.413000 160 134 112
-0.059915 -0.008111 0.413000 156 140 116
-0.058846 -0.008111 0.413000 146 138 120
-0.057777 -0.008111 0.413000 142 138 122
-0.056709 -0.008111 0.413000 136 132 116
-0.055640 -0.008111 0.413000 130 130 118
-0.054571 -0.008111 0.413000 130 132 124
-0.053632 -0.008130 0.414000 132 132 124
-0.052561 -0.008130 0.414000 124 252 236
-0.051614 -0.008150 0.415000 198 166 152
-0.050540 -0.008150 0.415000 250 206 136
-0.049586 -0.008170 0.416000 8 97 36
-0.048509 -0.008170 0.416000 52 130 8
-0.047433 -0.008170 0.416000 101 179 57
-0.046356 -0.008170 0.416000 125 217 26
-0.045280 -0.008170 0.416000 127 238 7
-0.044203 -0.008170 0.416000 125 249 0
-0.043127 -0.008170 0.416000 127 252 3
-0.042051 -0.008170 0.416000 127 255 0
-0.040974 -0.008170 0.416000 126 255 0
-0.163264 -0.007792 0.457000 134 150 144
-0.162081 -0.007792 0.457000 113 17 4
-0.160899 -0.007792 0.457000 121 25 20
-0.159367 -0.007775 0.456000 101 17 8
-0.158187 -0.007775 0.456000 109 33 12
-0.157007 -0.007775 0.456000 109 37 0
-0.155827 -0.007775 0.456000 97 24 236
-0.154647 -0.007775 0.456000 93 28 248
-0.153131 -0.007758 0.455000 125 53 16
-0.151953 -0.007758 0.455000 117 45 8
-0.150776 -0.007758 0.455000 72 248 216
-0.149599 -0.007758 0.455000 105 21 12
-0.148421 -0.007758 0.455000 105 29 24
-0.147244 -0.007758 0.455000 89 13 8
-0.146067 -0.007758 0.455000 89 13 8
-0.144889 -0.007758 0.455000 101 25 20
-0.143396 -0.007741 0.454000 105 29 24
-0.142221 -0.007741 0.454000 85 5 12
-0.141357 -0.007758 0.455000 101 21 36
-0.140180 -0.007758 0.455000 109 29 44
-0.139003 -0.007758 0.455000 113 25 36
-0.137522 -0.007741 0.454000 128 148 154
-0.136348 -0.007741 0.454000 117 21 24
-0.135173 -0.007741 0.454000 117 21 16
-0.133998 -0.007741 0.454000 128 144 142
-0.132531 -0.007724 0.453000 121 25 20
-0.131359 -0.007724 0.453000 117 21 16
-0.129899 -0.007707 0.452000 125 29 24
-0.128730 -0.007707 0.452000 117 21 16
-0.127278 -0.007690 0.451000 121 25 28
-0.125831 -0.007673 0.450000 125 29 32
-0.124667 -0.007673 0.450000 121 25 28
-0.123228 -0.007656 0.449000 134 150 152
-0.121794 -0.007639 0.448000 144 156 160
-0.120366 -0.007622 0.447000 121 17 24
-0.118676 -0.007588 0.445000 130 142 146
-0.116996 -0.007554 0.443000 125 29 32
-0.114804 -0.007485 0.439000 97 21 16
-0.112891 -0.007434 0.436000 97 37 56
-0.110994 -0.007383 0.433000 73 61 108
-0.108858 -0.007315 0.429000 49 37 84
-0.106995 -0.007264 0.426000 37 45 132
-0.105395 -0.007230 0.424000 65 73 144
-0.104052 -0.007213 0.423000 45 41 104
-0.102714 -0.007196 0.422000 49 25 96
-0.101382 -0.007178 0.421000 105 25 96
-0.100054 -0.007161 0.420000 164 174 210
-0.098967 -0.007161 0.420000 166 190 202
-0.097647 -0.007144 0.419000 61 1 48
-0.096333 -0.007127 0.418000 48 253 68
-0.095251 -0.007127 0.418000 68 237 44
-0.094170 -0.007127 0.418000 89 1 64
-0.093088 -0.007127 0.418000 132 120 132
-0.092006 -0.007127 0.418000 132 112 112
-0.090925 -0.007127 0.418000 142 126 124
-0.089843 -0.007127 0.418000 150 132 122
-0.088762 -0.007127 0.418000 148 130 120
-0.087470 -0.007110 0.417000 174 142 128
-0.086391 -0.007110 0.417000 174 138 120
-0.085108 -0.007093 0.416000 194 160 124
-0.083829 -0.007076 0.415000 254 216 158
-0.082755 -0.007076 0.415000 242 204 146
-0.081485 -0.007059 0.414000 244 202 140
-0.080413 -0.007059 0.414000 2 109 76
-0.079342 -0.007059 0.414000 9 116 83
-0.078271 -0.007059 0.414000 4 110 75
-0.077200 -0.007059 0.414000 15 121 86
-0.075945 -0.007042 0.413000 16 121 89
-0.074876 -0.007042 0.413000 18 118 88
-0.073807 -0.007042 0.413000 9 110 77
-0.072739 -0.007042 0.413000 2 108 73
-0.071670 -0.007042 0.413000 254 210 140
-0.070601 -0.007042 0.413000 198 164 90
-0.069364 -0.007025 0.412000 194 160 82
-0.068298 -0.007025 0.412000 166 144 94
-0.067395 -0.007042 0.413000 174 152 102
-0.066327 -0.007042 0.413000 172 152 124
-0.065258 -0.007042 0.413000 150 132 118
-0.064189 -0.007042 0.413000 142 132 128
-0.063121 -0.007042 0.413000 134 126 132
-0.062052 -0.007042 0.413000 144 136 142
-0.060983 -0.007042 0.413000 136 136 128
-0.059915 -0.007042 0.413000 134 136 128
-0.058846 -0.007042 0.413000 130 138 128
-0.057777 -0.007042 0.413000 128 136 126
-0.056709 -0.007042 0.413000 121 8 244
-0.055640 -0.007042 0.413000 125 9 4
-0.054571 -0.007042 0.413000 113 0 236
-0.053632 -0.007059 0.414000 132 132 120
-0.052561 -0.007059 0.414000 124 252 228
-0.051490 -0.007059 0.414000 178 126 100
-0.050540 -0.007076 0.415000 7 101 50
-0.049466 -0.007076 0.415000 44 131 12
-0.048509 -0.007093 0.416000 126 219 25
-0.047433 -0.007093 0.416000 127 222 28
-0.046356 -0.007093 0.416000 127 241 13
-0.045280 -0.007093 0.416000 127 255 6
-0.044203 -0.007093 0.416000 126 255 0
-0.043127 -0.007093 0.416000 126 255 0
-0.164087 -0.006595 0.456000 128 144 138
-0.163264 -0.006610 0.457000 128 144 138
-0.161727 -0.006595 0.456000 121 25 12
-0.160547 -0.006595 0.456000 113 29 20
-0.159367 -0.006595 0.456000 105 21 12
-0.158187 -0.006595 0.456000 105 21 12
-0.157007 -0.006595 0.456000 105 21 12
-0.155827 -0.006595 0.456000 105 21 4
-0.154308 -0.006581 0.455000 109 33 12
-0.153131 -0.006581 0.455000 68 248 244
-0.151953 -0.006581 0.455000 85 9 4
-0.150776 -0.006581 0.455000 85 9 4
-0.149599 -0.006581 0.455000 113 25 36
-0.148421 -0.006581 0.455000 73 1 8
-0.146920 -0.006566 0.454000 77 5 12
-0.145746 -0.006566 0.454000 73 1 8
-0.144571 -0.006566 0.454000 81 21 24
-0.143396 -0.006566 0.454000 81 21 24
-0.142221 -0.006566 0.454000 81 9 16
-0.141047 -0.006566 0.454000 93 21 28
-0.139872 -0.006566 0.454000 93 21 28
-0.138697 -0.006566 0.454000 105 25 32
-0.137220 -0.006552 0.453000 105 21 20
-0.136047 -0.006552 0.453000 93 9 8
-0.134875 -0.006552 0.453000 105 21 20
-0.133703 -0.006552 0.453000 105 21 20
-0.132238 -0.006537 0.452000 105 21 20
-0.131069 -0.006537 0.452000 101 13 24
-0.129612 -0.006523 0.451000 113 17 20
-0.128445 -0.006523 0.451000 121 25 28
-0.126996 -0.006509 0.450000 125 29 32
-0.125831 -0.006509 0.450000 132 148 150
-0.124390 -0.006494 0.449000 128 144 146
-0.122953 -0.006480 0.448000 136 152 154
-0.121522 -0.006465 0.447000 132 146 154
-0.120096 -0.006451 0.446000 121 21 36
-0.118676 -0.006436 0.445000 128 142 150
-0.116996 -0.006407 0.443000 109 13 16
-0.115065 -0.006364 0.440000 97 21 16
-0.113150 -0.006321 0.437000 81 9 24
-0.111506 -0.006292 0.435000 170 218 246
-0.109620 -0.006248 0.432000 77 45 100
-0.107748 -0.006205 0.429000 33 41 128
-0.105893 -0.006161 0.426000 89 97 176
-0.104544 -0.006147 0.425000 61 65 116
-0.102958 -0.006118 0.423000 29 29 72
-0.101622 -0.006104 0.422000 44 249 64
-0.100292 -0.006089 0.421000 81 29 100
-0.098967 -0.006075 0.420000 101 21 84
-0.097647 -0.006060 0.419000 65 1 76
-0.096333 -0.006046 0.418000 36 245 76
-0.095251 -0.006046 0.418000 80 249 48
-0.094170 -0.006046 0.418000 166 186 214
-0.092865 -0.006031 0.417000 28 147 126
-0.091786 -0.006031 0.417000 33 150 114
-0.090707 -0.006031 0.417000 11 131 89
-0.089628 -0.006031 0.417000 196 176 120
-0.088549 -0.006031 0.417000 160 140 84
-0.087470 -0.006031 0.417000 154 126 92
-0.086184 -0.006017 0.416000 150 126 90
-0.085108 -0.006017 0.416000 164 130 98
-0.083829 -0.006002 0.415000 176 142 114
-0.082556 -0.005988 0.414000 166 132 104
-0.081485 -0.005988 0.414000 176 142 114
-0.080413 -0.005988 0.414000 186 142 122
-0.079342 -0.005988 0.414000 176 134 108
-0.078082 -0.005973 0.413000 176 134 104
-0.077013 -0.005973 0.413000 184 142 112
-0.075945 -0.005973 0.413000 192 150 120
-0.074876 -0.005973 0.413000 204 146 122
-0.073807 -0.005973 0.413000 198 140 116
-0.072739 -0.005973 0.413000 184 136 108
-0.071496 -0.005959 0.412000 186 138 110
-0.070430 -0.005959 0.412000 192 154 124
-0.069364 -0.005959 0.412000 192 156 116
-0.068298 -0.005959 0.412000 174 146 108
-0.067232 -0.005959 0.412000 172 144 106
-0.066166 -0.005959 0.412000 160 142 124
-0.065258 -0.005973 0.413000 138 132 122
-0.064189 -0.005973 0.413000 134 134 138
-0.063121 -0.005973 0.413000 125 9 20
-0.062052 -0.005973 0.413000 140 146 152
-0.060983 -0.005973 0.413000 130 136 138
-0.059915 -0.005973 0.413000 121 17 16
-0.058846 -0.005973 0.413000 125 21 12
-0.057777 -0.005973 0.413000 128 134 132
-0.056709 -0.005973 0.413000 121 5 0
-0.055640 -0.005973 0.413000 128 136 126
-0.054571 -0.005973 0.413000 144 128 104
-0.053632 -0.005988 0.414000 206 134 60
-0.052561 -0.005988 0.414000 250 178 104
-0.051490 -0.005988 0.414000 91 174 70
-0.050540 -0.006002 0.415000 121 214 31
-0.049466 -0.006002 0.415000 123 229 4
-0.048393 -0.006002 0.415000 127 247 3
-0.047433 -0.006017 0.416000 127 252 8
-0.046356 -0.006017 0.416000 127 255 6
-0.045280 -0.006017 0.416000 127 255 8
-0.044203 -0.006017 0.416000 127 255 12
-0.043127 -0.006017 0.416000 127 255 13
-0.167259 -0.005404 0.455000 132 148 146
-0.166447 -0.005415 0.456000 117 41 28
-0.165267 -0.005415 0.456000 113 37 24
-0.164087 -0.005415 0.456000 130 156 154
-0.162907 -0.005415 0.456000 101 25 20
-0.161727 -0.005415 0.456000 113 17 12
-0.160195 -0.005404 0.455000 121 25 20
-0.159017 -0.005404 0.455000 105 21 12
-0.157840 -0.005404 0.455000 117 33 24
-0.156663 -0.005404 0.455000 101 17 8
-0.155485 -0.005404 0.455000 105 21 12
-0.154308 -0.005404 0.455000 117 33 24
-0.153131 -0.005404 0.455000 84 253 8
-0.151953 -0.005404 0.455000 109 21 32
-0.150776 -0.005404 0.455000 92 253 0
-0.149270 -0.005392 0.454000 101 13 24
-0.148095 -0.005392 0.454000 85 5 12
-0.146920 -0.005392 0.454000 73 1 8
-0.145746 -0.005392 0.454000 73 1 8
-0.144571 -0.005392 0.454000 85 25 28
-0.143080 -0.005380 0.453000 89 17 24
-0.141908 -0.005380 0.453000 77 5 12
-0.140736 -0.005380 0.453000 89 21 16
-0.139564 -0.005380 0.453000 97 29 24
-0.138392 -0.005380 0.453000 109 33 28
-0.137220 -0.005380 0.453000 105 21 12
-0.135747 -0.005368 0.452000 85 0 248
-0.134577 -0.005368 0.452000 97 21 8
-0.133408 -0.005368 0.452000 97 21 8
-0.131946 -0.005356 0.451000 81 13 8
-0.130779 -0.005356 0.451000 89 9 16
-0.129324 -0.005344 0.450000 113 13 28
-0.128160 -0.005344 0.450000 117 21 24
-0.126996 -0.005344 0.450000 113 17 20
-0.125552 -0.005332 0.449000 117 21 24
-0.124113 -0.005320 0.448000 121 25 20
-0.122953 -0.005320 0.448000 109 13 8
-0.121250 -0.005297 0.446000 101 17 8
-0.120096 -0.005297 0.446000 117 33 24
-0.118409 -0.005273 0.444000 121 37 28
-0.116996 -0.005261 0.443000 88 248 252
-0.115065 -0.005225 0.440000 100 253 4
-0.113409 -0.005202 0.438000 101 5 0
-0.111763 -0.005178 0.436000 89 13 56
-0.110127 -0.005154 0.434000 72 253 40
-0.108251 -0.005118 0.431000 37 29 120
-0.106638 -0.005095 0.429000 1 17 112
-0.104790 -0.005059 0.426000 49 49 128
-0.103445 -0.005047 0.425000 33 21 68
-0.101863 -0.005023 0.423000 49 9 56
-0.100530 -0.005012 0.422000 49 9 56
-0.099203 -0.005000 0.421000 85 37 88
-0.097647 -0.004976 0.419000 32 237 52
-0.096333 -0.004964 0.418000 28 249 68
-0.095251 -0.004964 0.418000 76 245 60
-0.093944 -0.004952 0.417000 113 25 96
-0.092865 -0.004952 0.417000 11 131 107
-0.091566 -0.004940 0.416000 47 158 119
-0.090490 -0.004940 0.416000 37 154 100
-0.089413 -0.004940 0.416000 41 160 112
-0.088337 -0.004940 0.416000 44 163 115
-0.087260 -0.004940 0.416000 16 129 88
-0.086184 -0.004940 0.416000 248 216 128
-0.084903 -0.004928 0.415000 206 172 90
-0.083829 -0.004928 0.415000 188 152 84
-0.082556 -0.004917 0.414000 178 142 74
-0.081485 -0.004917 0.414000 176 134 72
-0.080413 -0.004917 0.414000 182 138 86
-0.079151 -0.004905 0.413000 196 152 96
-0.078082 -0.004905 0.413000 210 166 110
-0.077013 -0.004905 0.413000 198 154 98
-0.075945 -0.004905 0.413000 198 154 98
-0.074695 -0.004893 0.412000 200 154 94
-0.073628 -0.004893 0.412000 192 150 88
-0.072562 -0.004893 0.412000 192 158 100
-0.071323 -0.004881 0.411000 206 172 114
-0.070259 -0.004881 0.411000 7 121 86
-0.069196 -0.004881 0.411000 15 130 88
-0.068132 -0.004881 0.411000 210 194 142
-0.067069 -0.004881 0.411000 148 148 136
-0.066166 -0.004893 0.412000 146 146 134
-0.065100 -0.004893 0.412000 101 28 248
-0.064189 -0.004905 0.413000 89 21 8
-0.063121 -0.004905 0.413000 109 33 28
-0.062052 -0.004905 0.413000 117 41 36
-0.060983 -0.004905 0.413000 80 252 252
-0.059915 -0.004905 0.413000 130 130 130
-0.058846 -0.004905 0.413000 134 130 110
-0.057777 -0.004905 0.413000 162 120 58
-0.056709 -0.004905 0.413000 174 132 70
-0.055640 -0.004905 0.413000 5 100 42
-0.054571 -0.004905 0.413000 51 140 11
-0.053503 -0.004905 0.413000 123 221 25
-0.052434 -0.004905 0.413000 127 227 31
-0.051490 -0.004917 0.414000 127 245 10
-0.050418 -0.004917 0.414000 127 253 4
-0.049466 -0.004928 0.415000 126 255 4
-0.048393 -0.004928 0.415000 126 255 4
-0.047319 -0.004928 0.415000 127 255 6
-0.046356 -0.004940 0.416000 127 255 9
-0.045280 -0.004940 0.416000 127 255 20
-0.044203 -0.004940 0.416000 127 255 31
-0.168066 -0.004217 0.454000 125 49 36
-0.166891 -0.004217 0.454000 113 37 24
-0.166081 -0.004226 0.455000 109 33 20
-0.164904 -0.004226 0.455000 113 37 32
-0.163727 -0.004226 0.455000 117 37 44
-0.162907 -0.004235 0.456000 97 17 24
-0.161372 -0.004226 0.455000 105 21 20
-0.160195 -0.004226 0.455000 109 13 16
-0.159017 -0.004226 0.455000 105 21 12
-0.157840 -0.004226 0.455000 117 33 24
-0.156663 -0.004226 0.455000 109 25 16
-0.155485 -0.004226 0.455000 109 25 16
-0.154308 -0.004226 0.455000 113 29 20
-0.153131 -0.004226 0.455000 109 13 16
-0.151619 -0.004217 0.454000 97 1 4
-0.150445 -0.004217 0.454000 117 21 24
-0.149270 -0.004217 0.454000 101 17 16
-0.148095 -0.004217 0.454000 101 17 16
-0.146920 -0.004217 0.454000 97 21 16
-0.145425 -0.004208 0.453000 89 13 8
-0.144252 -0.004208 0.453000 85 8 252
-0.143080 -0.004208 0.453000 105 21 12
-0.141908 -0.004208 0.453000 109 13 8
-0.140425 -0.004198 0.452000 113 17 12
-0.139256 -0.004198 0.452000 125 29 24
-0.138086 -0.004198 0.452000 109 13 8
-0.136917 -0.004198 0.452000 80 252 236
-0.135447 -0.004189 0.451000 85 8 244
-0.134280 -0.004189 0.451000 85 8 244
-0.133113 -0.004189 0.451000 77 0 236
-0.131946 -0.004189 0.451000 81 12 248
-0.130489 -0.004180 0.450000 97 21 8
-0.129324 -0.004180 0.450000 101 17 8
-0.127875 -0.004170 0.449000 117 33 24
-0.126713 -0.004170 0.449000 113 29 20
-0.125272 -0.004161 0.448000 117 21 8
-0.124113 -0.004161 0.448000 121 17 8
-0.122679 -0.004152 0.447000 109 13 0
-0.121250 -0.004143 0.446000 101 17 0
-0.120096 -0.004143 0.446000 121 37 20
-0.118409 -0.004124 0.444000 117 41 28
-0.116996 -0.004115 0.443000 80 252 244
-0.115327 -0.004096 0.441000 105 1 0
-0.113668 -0.004078 0.439000 100 252 252
-0.112019 -0.004059 0.437000 44 228 244
-0.110381 -0.004040 0.435000 20 204 220
-0.108753 -0.004022 0.433000 53 25 108
-0.106887 -0.003994 0.430000 1 17 112
-0.105528 -0.003985 0.429000 29 37 124
-0.103688 -0.003957 0.426000 21 17 80
-0.102345 -0.003948 0.425000 69 49 92
-0.100769 -0.003929 0.423000 61 41 84
-0.099439 -0.003920 0.422000 33 1 40
-0.097880 -0.003901 0.420000 48 245 44
-0.096563 -0.003892 0.419000 40 249 52
-0.095251 -0.003883 0.418000 56 225 32
-0.093944 -0.003873 0.417000 60 229 36
-0.092865 -0.003873 0.417000 6 121 108
-0.091786 -0.003873 0.417000 16 129 92
-0.090490 -0.003864 0.416000 24 133 86
-0.089413 -0.003864 0.416000 38 151 100
-0.088337 -0.003864 0.416000 43 156 105
-0.087260 -0.003864 0.416000 43 160 108
-0.086184 -0.003864 0.416000 42 155 102
-0.084903 -0.003855 0.415000 45 156 99
-0.083829 -0.003855 0.415000 44 153 95
-0.082556 -0.003845 0.414000 49 158 100
-0.081485 -0.003845 0.414000 54 164 103
-0.080219 -0.003836 0.413000 53 160 98
-0.079151 -0.003836 0.413000 56 164 99
-0.078082 -0.003836 0.413000 56 164 97
-0.076827 -0.003827 0.412000 53 161 94
-0.075761 -0.003827 0.412000 54 162 95
-0.074695 -0.003827 0.412000 53 161 94
-0.073450 -0.003817 0.411000 53 161 94
-0.072386 -0.003817 0.411000 49 160 92
-0.071323 -0.003817 0.411000 44 155 87
-0.070259 -0.003817 0.411000 25 134 62
-0.069196 -0.003817 0.411000 37 144 73
-0.068132 -0.003817 0.411000 8 123 83
-0.067069 -0.003817 0.411000 144 146 120
-0.066166 -0.003827 0.412000 146 148 130
-0.065100 -0.003827 0.412000 89 28 228
-0.064034 -0.003827 0.412000 81 28 244
-0.063121 -0.003836 0.413000 97 29 8
-0.062052 -0.003836 0.413000 109 41 20
-0.060983 -0.003836 0.413000 108 252 232
-0.059915 -0.003836 0.413000 146 110 92
-0.058846 -0.003836 0.413000 198 136 50
-0.057777 -0.003836 0.413000 8 97 5
-0.056709 -0.003836 0.413000 33 122 30
-0.055640 -0.003836 0.413000 110 203 61
-0.054571 -0.003836 0.413000 127 229 28
-0.053503 -0.003836 0.413000 127 244 6
-0.052434 -0.003836 0.413000 127 248 10
-0.051490 -0.003845 0.414000 127 255 2
-0.050418 -0.003845 0.414000 126 255 0
-0.049347 -0.003845 0.414000 126 255 0
-0.048393 -0.003855 0.415000 127 255 8
-0.047319 -0.003855 0.415000 127 255 8
-0.046245 -0.003855 0.415000 127 255 16
-0.045280 -0.003864 0.416000 127 255 46
-0.168868 -0.003035 0.453000 117 41 36
-0.167696 -0.003035 0.453000 128 154 152
-0.166524 -0.003035 0.453000 125 49 44
-0.165716 -0.003042 0.454000 97 29 24
-0.164904 -0.003049 0.455000 101 33 28
-0.163727 -0.003049 0.455000 101 29 36
-0.162549 -0.003049 0.455000 97 25 32
-0.161372 -0.003049 0.455000 101 25 20
-0.160195 -0.003049 0.455000 76 245 0
-0.159017 -0.003049 0.455000 121 25 20
-0.157840 -0.003049 0.455000 128 134 136
-0.156663 -0.003049 0.455000 108 248 252
-0.155485 -0.003049 0.455000 96 248 240
-0.154308 -0.003049 0.455000 93 8 248
-0.152794 -0.003042 0.454000 105 29 8
-0.151619 -0.003042 0.454000 93 25 4
-0.150445 -0.003042 0.454000 93 25 4
-0.149270 -0.003042 0.454000 81 25 0
-0.148095 -0.003042 0.454000 93 25 4
-0.146920 -0.003042 0.454000 101 25 4
-0.145425 -0.003035 0.453000 105 29 8
-0.144252 -0.003035 0.453000 93 8 248
-0.142764 -0.003029 0.452000 109 13 8
-0.141595 -0.003029 0.452000 100 252 252
-0.140425 -0.003029 0.452000 100 252 252
-0.139256 -0.003029 0.452000 100 252 252
-0.137781 -0.003022 0.451000 117 13 12
-0.136614 -0.003022 0.451000 88 248 236
-0.135447 -0.003022 0.451000 89 4 244
-0.133982 -0.003015 0.450000 85 12 232
-0.132818 -0.003015 0.450000 73 0 220
-0.131653 -0.003015 0.450000 85 8 244
-0.130199 -0.003009 0.449000 101 17 0
-0.129037 -0.003009 0.449000 109 13 0
-0.127590 -0.003002 0.448000 113 17 4
-0.126431 -0.003002 0.448000 117 21 8
-0.125272 -0.003002 0.448000 113 9 0
-0.123836 -0.002995 0.447000 117 16 248
-0.122679 -0.002995 0.447000 113 12 244
-0.121250 -0.002989 0.446000 117 24 252
-0.119827 -0.002982 0.445000 125 33 4
-0.118409 -0.002975 0.444000 121 29 0
-0.116996 -0.002968 0.443000 97 4 232
-0.115588 -0.002962 0.442000 109 16 244
-0.113927 -0.002948 0.440000 109 16 244
-0.112532 -0.002942 0.439000 97 4 232
-0.110888 -0.002928 0.437000 60 236 204
-0.109255 -0.002915 0.435000 85 9 4
-0.107384 -0.002895 0.432000 41 21 56
-0.105774 -0.002881 0.430000 17 21 80
-0.104175 -0.002868 0.428000 241 242 144
-0.102586 -0.002855 0.426000 49 5 72
-0.101245 -0.002848 0.425000 113 69 136
-0.099674 -0.002834 0.423000 188 224 238
-0.098114 -0.002821 0.421000 154 188 190
-0.096794 -0.002814 0.420000 44 221 20
-0.095251 -0.002801 0.418000 92 221 36
-0.094170 -0.002801 0.418000 92 221 36
-0.092865 -0.002794 0.417000 4 121 125
-0.091786 -0.002794 0.417000 8 126 96
-0.090490 -0.002788 0.416000 17 128 87
-0.089413 -0.002788 0.416000 250 218 130
-0.088337 -0.002788 0.416000 250 218 130
-0.087260 -0.002788 0.416000 250 222 130
-0.085977 -0.002781 0.415000 33 146 93
-0.084903 -0.002781 0.415000 47 156 102
-0.083829 -0.002781 0.415000 56 165 109
-0.082556 -0.002774 0.414000 49 158 102
-0.081485 -0.002774 0.414000 53 159 102
-0.080219 -0.002767 0.413000 52 156 100
-0.079151 -0.002767 0.413000 49 154 93
-0.078082 -0.002767 0.413000 57 160 97
-0.076827 -0.002761 0.412000 57 160 97
-0.075577 -0.002754 0.411000 54 157 92
-0.074513 -0.002754 0.411000 50 156 90
-0.073450 -0.002754 0.411000 49 155 89
-0.072386 -0.002754 0.411000 54 162 97
-0.071323 -0.002754 0.411000 44 152 87
-0.070259 -0.002754 0.411000 33 139 71
-0.069196 -0.002754 0.411000 38 145 74
-0.068132 -0.002754 0.411000 17 129 83
-0.067069 -0.002754 0.411000 170 158 128
-0.066166 -0.002761 0.412000 162 150 120
-0.065100 -0.002761 0.412000 134 136 114
-0.064189 -0.002767 0.413000 140 142 116
-0.063121 -0.002767 0.413000 170 128 66
-0.062052 -0.002767 0.413000 198 156 94
-0.060983 -0.002767 0.413000 25 122 41
-0.060060 -0.002774 0.414000 65 154 11
-0.058846 -0.002767 0.413000 127 228 31
-0.057777 -0.002767 0.413000 127 244 17
-0.056709 -0.002767 0.413000 127 244 17
-0.055640 -0.002767 0.413000 127 255 8
-0.054571 -0.002767 0.413000 126 255 0
-0.053503 -0.002767 0.413000 126 255 0
-0.052434 -0.002767 0.413000 126 255 0
-0.051365 -0.002767 0.413000 126 255 0
-0.050418 -0.002774 0.414000 126 255 0
-0.049347 -0.002774 0.414000 127 255 13
-0.048276 -0.002774 0.414000 127 255 39
-0.047319 -0.002781 0.415000 127 255 40
-0.170456 -0.001855 0.451000 121 37 28
-0.169289 -0.001855 0.451000 128 150 146
-0.168495 -0.001859 0.452000 128 154 148
-0.167326 -0.001859 0.452000 113 57 40
-0.166524 -0.001863 0.453000 89 33 16
-0.165351 -0.001863 0.453000 73 37 20
-0.164179 -0.001863 0.453000 85 37 24
-0.163367 -0.001867 0.454000 93 33 36
-0.162192 -0.001867 0.454000 93 33 36
-0.161017 -0.001867 0.454000 101 21 28
-0.159843 -0.001867 0.454000 93 5 16
-0.158668 -0.001867 0.454000 117 21 24
-0.157493 -0.001867 0.454000 108 248 252
-0.156318 -0.001867 0.454000 100 240 244
-0.155144 -0.001867 0.454000 100 252 244
-0.153969 -0.001867 0.454000 93 8 248
-0.152794 -0.001867 0.454000 93 37 12
-0.151619 -0.001867 0.454000 69 20 248
-0.150445 -0.001867 0.454000 69 20 248
-0.148941 -0.001863 0.453000 77 29 0
-0.147769 -0.001863 0.453000 93 25 4
-0.146597 -0.001863 0.453000 101 25 4
-0.145104 -0.001859 0.452000 101 17 0
-0.143934 -0.001859 0.452000 109 25 8
-0.142764 -0.001859 0.452000 93 8 248
-0.141595 -0.001859 0.452000 109 13 8
-0.140115 -0.001855 0.451000 117 13 4
-0.138948 -0.001855 0.451000 100 252 244
-0.137475 -0.001851 0.450000 113 9 8
-0.136311 -0.001851 0.450000 89 4 252
-0.135146 -0.001851 0.450000 85 8 252
-0.133684 -0.001847 0.449000 93 9 0
-0.132522 -0.001847 0.449000 85 0 248
-0.131361 -0.001847 0.449000 101 5 0
-0.130199 -0.001847 0.449000 97 0 244
-0.128750 -0.001843 0.448000 109 16 244
-0.127590 -0.001843 0.448000 109 16 244
-0.126431 -0.001843 0.448000 101 8 236
-0.124992 -0.001839 0.447000 117 24 252
-0.123836 -0.001839 0.447000 113 20 248
-0.122405 -0.001834 0.446000 101 8 236
-0.121250 -0.001834 0.446000 125 32 252
-0.119827 -0.001830 0.445000 128 146 128
-0.118409 -0.001826 0.444000 113 20 240
-0.116996 -0.001822 0.443000 113 20 240
-0.115588 -0.001818 0.442000 113 12 236
-0.114186 -0.001814 0.441000 101 4 216
-0.112532 -0.001806 0.439000 97 0 212
-0.111142 -0.001802 0.438000 92 252 208
-0.109506 -0.001793 0.436000 48 220 204
-0.107881 -0.001785 0.434000 73 1 24
-0.106266 -0.001777 0.432000 33 13 56
-0.104662 -0.001769 0.430000 4 245 56
-0.103067 -0.001760 0.428000 25 9 76
-0.101483 -0.001752 0.426000 69 33 100
-0.099910 -0.001744 0.424000 101 53 104
-0.098347 -0.001736 0.422000 160 198 206
-0.097024 -0.001732 0.421000 89 13 56
-0.095479 -0.001723 0.419000 72 221 28
-0.094170 -0.001719 0.418000 68 217 24
-0.093088 -0.001719 0.418000 240 228 240
-0.091786 -0.001715 0.417000 254 232 182
-0.090707 -0.001715 0.417000 16 129 90
-0.089628 -0.001715 0.417000 3 117 73
-0.088337 -0.001711 0.416000 238 210 122
-0.087260 -0.001711 0.416000 248 220 128
-0.085977 -0.001707 0.415000 236 208 116
-0.084903 -0.001707 0.415000 236 208 120
-0.083627 -0.001703 0.414000 2 111 68
-0.082556 -0.001703 0.414000 3 112 69
-0.081485 -0.001703 0.414000 7 114 68
-0.080219 -0.001699 0.413000 7 106 65
-0.079151 -0.001699 0.413000 9 106 63
-0.077893 -0.001695 0.412000 14 112 66
-0.076827 -0.001695 0.412000 9 107 61
-0.075761 -0.001695 0.412000 4 103 52
-0.074513 -0.001691 0.411000 2 101 48
-0.073450 -0.001691 0.411000 1 100 49
-0.072386 -0.001691 0.411000 5 106 55
-0.071323 -0.001691 0.411000 11 112 61
-0.070259 -0.001691 0.411000 10 114 60
-0.069196 -0.001691 0.411000 13 119 64
-0.068132 -0.001691 0.411000 17 120 71
-0.067232 -0.001695 0.412000 216 154 68
-0.066166 -0.001695 0.412000 218 156 70
-0.065258 -0.001699 0.413000 10 101 38
-0.064189 -0.001699 0.413000 42 135 12
-0.063121 -0.001699 0.413000 115 215 30
-0.062052 -0.001699 0.413000 126 226 41
-0.060983 -0.001699 0.413000 127 239 14
-0.060060 -0.001703 0.414000 127 232 21
-0.058988 -0.001703 0.414000 127 246 5
-0.057777 -0.001699 0.413000 127 255 7
-0.056709 -0.001699 0.413000 127 254 4
-0.055640 -0.001699 0.413000 126 255 2
-0.054571 -0.001699 0.413000 126 255 0
-0.053503 -0.001699 0.413000 126 255 0
-0.052434 -0.001699 0.413000 127 255 9
-0.051490 -0.001703 0.414000 127 255 8
-0.050418 -0.001703 0.414000 127 255 13
-0.049347 -0.001703 0.414000 127 254 45
-0.048393 -0.001707 0.415000 127 255 77
-0.171243 -0.000687 0.450000 142 158 156
-0.170078 -0.000687 0.450000 132 148 142
-0.168914 -0.000687 0.450000 132 148 142
-0.168122 -0.000688 0.451000 128 150 142
-0.166955 -0.000688 0.451000 125 69 52
-0.165788 -0.000688 0.451000 89 33 16
-0.164986 -0.000690 0.452000 77 41 24
-0.163817 -0.000690 0.452000 77 41 24
-0.163007 -0.000691 0.453000 97 41 32
-0.161835 -0.000691 0.453000 117 49 44
-0.160663 -0.000691 0.453000 117 49 44
-0.159491 -0.000691 0.453000 113 33 40
-0.158318 -0.000691 0.453000 101 17 16
-0.157146 -0.000691 0.453000 113 17 12
-0.155974 -0.000691 0.453000 121 25 20
-0.154802 -0.000691 0.453000 128 140 140
-0.153630 -0.000691 0.453000 113 17 12
-0.152458 -0.000691 0.453000 97 29 8
-0.151285 -0.000691 0.453000 73 16 248
-0.150113 -0.000691 0.453000 69 12 244
-0.148612 -0.000690 0.452000 101 33 12
-0.147443 -0.000690 0.452000 105 32 252
-0.146273 -0.000690 0.452000 97 24 244
-0.144783 -0.000688 0.451000 101 20 244
-0.143616 -0.000688 0.451000 109 28 252
-0.142449 -0.000688 0.451000 113 20 248
-0.141282 -0.000688 0.451000 113 20 248
-0.139804 -0.000687 0.450000 117 24 252
-0.138640 -0.000687 0.450000 101 17 0
-0.137475 -0.000687 0.450000 105 21 4
-0.136008 -0.000685 0.449000 93 25 4
-0.134846 -0.000685 0.449000 105 29 8
-0.133684 -0.000685 0.449000 93 9 0
-0.132227 -0.000683 0.448000 89 4 252
-0.131068 -0.000683 0.448000 93 9 0
-0.129909 -0.000683 0.448000 101 17 0
-0.128750 -0.000683 0.448000 93 12 236
-0.127306 -0.000682 0.447000 93 12 236
-0.126149 -0.000682 0.447000 93 12 236
-0.124992 -0.000682 0.447000 113 20 248
-0.123559 -0.000680 0.446000 117 24 252
-0.122405 -0.000680 0.446000 105 21 4
-0.120979 -0.000679 0.445000 113 29 12
-0.119827 -0.000679 0.445000 113 29 12
-0.118409 -0.000677 0.444000 113 20 248
-0.117260 -0.000677 0.444000 117 16 248
-0.115850 -0.000676 0.443000 113 12 236
-0.114445 -0.000674 0.442000 117 20 232
-0.112788 -0.000671 0.440000 101 4 216
-0.111396 -0.000670 0.439000 101 4 216
-0.109758 -0.000667 0.437000 36 212 172
-0.108130 -0.000664 0.435000 56 216 212
-0.106758 -0.000662 0.434000 89 1 12
-0.104905 -0.000658 0.431000 64 241 40
-0.103549 -0.000656 0.430000 76 253 52
-0.101960 -0.000653 0.428000 121 41 104
-0.100381 -0.000650 0.426000 73 5 64
-0.098813 -0.000647 0.424000 40 237 36
-0.097255 -0.000644 0.422000 81 13 64
-0.095707 -0.000641 0.420000 28 200 244
-0.094395 -0.000639 0.419000 52 225 12
-0.093088 -0.000638 0.418000 130 128 150
-0.092006 -0.000638 0.418000 222 214 164
-0.090707 -0.000636 0.417000 1 118 82
-0.089628 -0.000636 0.417000 1 116 76
-0.088337 -0.000635 0.416000 246 220 140
-0.087260 -0.000635 0.416000 0 115 75
-0.085977 -0.000633 0.415000 5 118 77
-0.084903 -0.000633 0.415000 5 118 77
-0.083627 -0.000632 0.414000 5 119 73
-0.082556 -0.000632 0.414000 4 118 72
-0.081288 -0.000630 0.413000 13 128 75
-0.080219 -0.000630 0.413000 4 118 70
-0.078959 -0.000629 0.412000 246 204 116
-0.077893 -0.000629 0.412000 246 204 120
-0.076827 -0.000629 0.412000 240 198 114
-0.075761 -0.000629 0.412000 250 208 120
-0.074513 -0.000627 0.411000 240 188 100
-0.073450 -0.000627 0.411000 236 186 92
-0.072386 -0.000627 0.411000 242 194 90
-0.071323 -0.000627 0.411000 0 104 52
-0.070259 -0.000627 0.411000 10 116 59
-0.069196 -0.000627 0.411000 10 115 56
-0.068132 -0.000627 0.411000 27 124 56
-0.067232 -0.000629 0.412000 11 97 0
-0.066166 -0.000629 0.412000 36 122 22
-0.065258 -0.000630 0.413000 115 206 51
-0.064189 -0.000630 0.413000 127 237 39
-0.063121 -0.000630 0.413000 127 250 16
-0.062052 -0.000630 0.413000 127 248 14
-0.061131 -0.000632 0.414000 127 255 8
-0.059915 -0.000630 0.413000 127 255 2
-0.058988 -0.000632 0.414000 126 255 2
-0.057777 -0.000630 0.413000 126 255 0
-0.056709 -0.000630 0.413000 126 255 0
-0.055640 -0.000630 0.413000 126 255 0
-0.054571 -0.000630 0.413000 126 255 0
-0.053503 -0.000630 0.413000 127 255 24
-0.052561 -0.000632 0.414000 127 255 51
-0.051490 -0.000632 0.414000 127 255 53
-0.050418 -0.000632 0.414000 127 255 91
-0.172024 0.000477 0.449000 144 158 166
-0.170862 0.000477 0.449000 140 156 154
-0.169700 0.000477 0.449000 138 154 152
-0.168539 0.000477 0.449000 130 154 138
-0.167750 0.000478 0.450000 130 156 146
-0.166585 0.000478 0.450000 138 164 154
-0.165421 0.000478 0.450000 134 160 150
-0.164621 0.000479 0.451000 105 37 32
-0.163454 0.000479 0.451000 125 57 44
-0.162647 0.000480 0.452000 109 41 28
-0.161478 0.000480 0.452000 117 49 44
-0.160308 0.000480 0.452000 109 41 36
-0.159139 0.000480 0.452000 97 21 16
-0.157969 0.000480 0.452000 97 21 8
-0.156799 0.000480 0.452000 117 33 16
-0.155974 0.000481 0.453000 117 33 24
-0.154460 0.000480 0.452000 121 25 20
-0.153291 0.000480 0.452000 125 29 24
-0.152121 0.000480 0.452000 105 29 16
-0.150952 0.000480 0.452000 89 21 8
-0.149451 0.000479 0.451000 73 4 248
-0.148284 0.000479 0.451000 113 37 16
-0.147117 0.000479 0.451000 113 33 0
-0.145950 0.000479 0.451000 109 28 252
-0.144783 0.000479 0.451000 105 24 248
-0.143297 0.000478 0.450000 117 37 4
-0.142133 0.000478 0.450000 117 21 8
-0.140968 0.000478 0.450000 109 13 0
-0.139493 0.000477 0.449000 113 9 0
-0.138332 0.000477 0.449000 121 25 12
-0.137170 0.000477 0.449000 134 150 144
-0.135705 0.000476 0.448000 109 33 12
-0.134546 0.000476 0.448000 109 33 12
-0.133386 0.000476 0.448000 109 25 8
-0.131932 0.000475 0.447000 97 21 0
-0.130775 0.000475 0.447000 105 29 8
-0.129619 0.000475 0.447000 105 32 252
-0.128462 0.000475 0.447000 101 20 244
-0.127021 0.000474 0.446000 101 20 244
-0.125867 0.000474 0.446000 109 28 252
-0.124713 0.000474 0.446000 105 32 252
-0.123559 0.000474 0.446000 121 37 20
-0.122130 0.000473 0.445000 93 9 8
-0.120979 0.000473 0.445000 105 21 20
-0.119827 0.000473 0.445000 105 21 20
-0.118409 0.000471 0.444000 109 13 16
-0.117260 0.000471 0.444000 117 13 12
-0.115850 0.000470 0.443000 113 12 244
-0.114445 0.000469 0.442000 105 4 228
-0.113045 0.000468 0.441000 105 4 228
-0.111650 0.000467 0.440000 105 4 228
-0.110260 0.000466 0.439000 76 232 200
-0.108627 0.000464 0.437000 72 216 188
-0.107004 0.000462 0.435000 64 212 172
-0.105392 0.000460 0.433000 76 228 228
-0.103790 0.000458 0.431000 100 252 252
-0.102198 0.000456 0.429000 117 21 88
-0.100617 0.000453 0.427000 76 253 60
-0.099046 0.000451 0.425000 32 221 24
-0.097485 0.000449 0.423000 76 253 52
-0.096163 0.000448 0.422000 72 245 32
-0.094620 0.000446 0.420000 44 217 4
-0.093311 0.000445 0.419000 104 237 32
-0.092006 0.000444 0.418000 228 224 186
-0.090925 0.000444 0.418000 4 122 90
-0.089628 0.000443 0.417000 3 120 84
-0.088337 0.000442 0.416000 3 120 84
-0.087260 0.000442 0.416000 6 119 82
-0.085977 0.000441 0.415000 2 115 76
-0.084903 0.000441 0.415000 3 114 75
-0.083627 0.000440 0.414000 254 222 134
-0.082556 0.000440 0.414000 254 222 134
-0.081288 0.000439 0.413000 238 210 114
-0.080219 0.000439 0.413000 250 222 126
-0.079151 0.000439 0.413000 252 224 128
-0.077893 0.000438 0.412000 252 220 128
-0.076827 0.000438 0.412000 254 222 130
-0.075761 0.000438 0.412000 248 216 124
-0.074695 0.000438 0.412000 244 202 110
-0.073628 0.000438 0.412000 1 107 52
-0.072562 0.000438 0.412000 6 103 22
-0.071496 0.000438 0.412000 13 110 29
-0.070430 0.000438 0.412000 62 150 24
-0.069364 0.000438 0.412000 89 186 8
-0.068298 0.000438 0.412000 127 235 22
-0.067232 0.000438 0.412000 127 248 16
-0.066327 0.000439 0.413000 127 245 13
-0.065258 0.000439 0.413000 127 253 6
-0.064189 0.000439 0.413000 127 255 4
-0.063121 0.000439 0.413000 126 255 0
-0.062052 0.000439 0.413000 126 255 0
-0.060983 0.000439 0.413000 126 255 0
-0.060060 0.000440 0.414000 127 255 4
-0.058988 0.000440 0.414000 126 255 4
-0.057917 0.000440 0.414000 126 255 2
-0.056709 0.000439 0.413000 126 255 2
-0.055775 0.000440 0.414000 127 255 8
-0.054703 0.000440 0.414000 126 255 27
-0.053632 0.000440 0.414000 127 254 63
-0.052561 0.000440 0.414000 127 255 75
-0.172800 0.001635 0.448000 128 152 156
-0.171641 0.001635 0.448000 138 162 166
-0.170862 0.001639 0.449000 134 156 156
-0.169700 0.001639 0.449000 136 158 158
-0.168539 0.001639 0.449000 130 152 144
-0.167377 0.001639 0.449000 132 158 148
-0.166215 0.001639 0.449000 140 162 158
-0.165053 0.001639 0.449000 146 168 164
-0.164256 0.001642 0.450000 121 37 36
-0.163092 0.001642 0.450000 128 154 148
-0.161928 0.001642 0.450000 117 41 28
-0.161120 0.001646 0.451000 128 154 152
-0.159953 0.001646 0.451000 125 49 44
-0.158787 0.001646 0.451000 113 29 28
-0.157620 0.001646 0.451000 125 29 24
-0.156453 0.001646 0.451000 136 148 148
-0.155286 0.001646 0.451000 134 140 142
-0.154119 0.001646 0.451000 138 144 146
-0.152952 0.001646 0.451000 117 21 16
-0.151785 0.001646 0.451000 121 25 12
-0.150618 0.001646 0.451000 121 37 20
-0.149119 0.001642 0.450000 128 150 142
-0.147955 0.001642 0.450000 105 29 8
-0.146790 0.001642 0.450000 125 49 36
-0.145626 0.001642 0.450000 132 158 148
-0.144462 0.001642 0.450000 125 49 28
-0.143297 0.001642 0.450000 117 41 20
-0.141817 0.001639 0.449000 113 29 12
-0.140655 0.001639 0.449000 128 144 138
-0.139493 0.001639 0.449000 132 150 136
-0.138023 0.001635 0.448000 113 33 0
-0.136864 0.001635 0.448000 117 37 4
-0.135705 0.001635 0.448000 125 49 28
-0.134245 0.001631 0.447000 117 33 16
-0.133089 0.001631 0.447000 128 144 138
-0.131932 0.001631 0.447000 89 12 248
-0.130483 0.001628 0.446000 105 29 8
-0.129329 0.001628 0.446000 117 37 4
-0.128175 0.001628 0.446000 128 146 132
-0.126736 0.001624 0.445000 117 24 252
-0.125584 0.001624 0.445000 109 33 12
-0.124433 0.001624 0.445000 105 29 8
-0.123282 0.001624 0.445000 113 37 16
-0.122130 0.001624 0.445000 85 9 4
-0.120707 0.001620 0.444000 105 29 24
-0.119558 0.001620 0.444000 101 25 20
-0.118409 0.001620 0.444000 113 17 12
-0.117260 0.001620 0.444000 121 17 8
-0.115850 0.001617 0.443000 117 16 248
-0.114445 0.001613 0.442000 113 12 236
-0.113301 0.001613 0.442000 105 4 228
-0.111903 0.001609 0.441000 113 12 236
-0.110260 0.001602 0.439000 97 4 224
-0.108875 0.001598 0.438000 76 236 192
-0.107496 0.001595 0.437000 64 212 172
-0.105879 0.001588 0.435000 132 140 126
-0.104271 0.001580 0.433000 108 252 224
-0.102674 0.001573 0.431000 125 29 32
-0.101088 0.001566 0.429000 152 176 188
-0.099279 0.001555 0.426000 89 29 48
-0.097716 0.001547 0.424000 48 221 0
-0.096163 0.001540 0.422000 48 221 0
-0.094620 0.001533 0.420000 40 212 248
-0.093311 0.001529 0.419000 88 241 28
-0.092006 0.001525 0.418000 232 224 202
-0.090707 0.001522 0.417000 238 224 166
-0.089628 0.001522 0.417000 1 118 84
-0.088337 0.001518 0.416000 254 232 164
-0.087051 0.001515 0.415000 238 206 138
-0.085977 0.001515 0.415000 244 212 144
-0.084698 0.001511 0.414000 252 218 144
-0.083627 0.001511 0.414000 250 216 142
-0.082556 0.001511 0.414000 5 116 79
-0.081288 0.001507 0.413000 0 111 72
-0.080219 0.001507 0.413000 1 114 73
-0.078959 0.001504 0.412000 4 115 74
-0.077893 0.001504 0.412000 5 107 63
-0.076827 0.001504 0.412000 12 114 70
-0.075761 0.001504 0.412000 22 114 46
-0.074695 0.001504 0.412000 45 133 21
-0.073628 0.001504 0.412000 69 162 0
-0.072562 0.001504 0.412000 58 148 0
-0.071496 0.001504 0.412000 87 177 29
-0.070259 0.001500 0.411000 127 226 33
-0.069364 0.001504 0.412000 127 234 11
-0.068298 0.001504 0.412000 127 250 6
-0.067232 0.001504 0.412000 126 250 1
-0.066166 0.001504 0.412000 127 253 4
-0.065258 0.001507 0.413000 127 255 0
-0.064189 0.001507 0.413000 126 255 0
-0.063121 0.001507 0.413000 126 255 0
-0.062052 0.001507 0.413000 126 255 0
-0.060983 0.001507 0.413000 127 255 5
-0.060060 0.001511 0.414000 127 255 11
-0.058988 0.001511 0.414000 127 255 13
-0.057917 0.001511 0.414000 125 255 14
-0.056846 0.001511 0.414000 126 255 15
-0.055640 0.001507 0.413000 127 255 32
-0.054703 0.001511 0.414000 127 255 52
-0.053632 0.001511 0.414000 127 255 80
-0.172414 0.002788 0.447000 138 168 166
-0.171641 0.002794 0.448000 132 160 164
-0.170482 0.002794 0.448000 144 170 168
-0.169323 0.002794 0.448000 148 174 172
-0.168163 0.002794 0.448000 148 164 162
-0.167004 0.002794 0.448000 136 158 154
-0.165845 0.002794 0.448000 144 170 164
-0.164686 0.002794 0.448000 136 158 154
-0.163526 0.002794 0.448000 136 158 154
-0.162730 0.002800 0.449000 136 152 150
-0.161568 0.002800 0.449000 138 154 152
-0.160406 0.002800 0.449000 142 158 160
-0.159244 0.002800 0.449000 142 158 160
-0.158082 0.002800 0.449000 144 160 162
-0.156921 0.002800 0.449000 138 150 150
-0.156106 0.002807 0.450000 148 148 152
-0.154941 0.002807 0.450000 142 148 146
-0.153777 0.002807 0.450000 138 144 142
-0.152273 0.002800 0.449000 136 150 138
-0.151111 0.002800 0.449000 140 154 142
-0.149950 0.002800 0.449000 140 154 142
-0.148788 0.002800 0.449000 136 150 138
-0.147626 0.002800 0.449000 117 33 16
-0.146464 0.002800 0.449000 121 37 28
-0.145302 0.002800 0.449000 168 184 178
-0.144141 0.002800 0.449000 142 156 144
-0.142979 0.002800 0.449000 140 154 142
-0.141817 0.002800 0.449000 130 144 132
-0.140342 0.002794 0.448000 142 156 144
-0.139183 0.002794 0.448000 136 154 140
-0.138023 0.002794 0.448000 121 41 8
-0.136559 0.002788 0.447000 117 37 4
-0.135402 0.002788 0.447000 132 156 140
-0.133945 0.002782 0.446000 128 152 136
-0.132791 0.002782 0.446000 121 41 8
-0.131637 0.002782 0.446000 113 33 0
-0.130190 0.002775 0.445000 113 33 0
-0.129039 0.002775 0.445000 134 158 142
-0.127887 0.002775 0.445000 142 156 144
-0.126736 0.002775 0.445000 136 150 134
-0.125584 0.002775 0.445000 138 152 136
-0.124153 0.002769 0.444000 136 150 134
-0.123005 0.002769 0.444000 134 152 138
-0.121856 0.002769 0.444000 134 158 142
-0.120707 0.002769 0.444000 125 53 16
-0.119558 0.002769 0.444000 117 37 4
-0.118409 0.002769 0.444000 121 41 8
-0.117260 0.002769 0.444000 125 33 4
-0.115850 0.002763 0.443000 117 16 240
-0.114703 0.002763 0.443000 117 16 240
-0.113301 0.002757 0.442000 117 16 240
-0.111903 0.002751 0.441000 125 28 240
-0.110762 0.002751 0.441000 121 24 236
-0.109373 0.002744 0.440000 117 20 224
-0.107742 0.002732 0.438000 88 224 172
-0.106365 0.002726 0.437000 112 244 192
-0.104753 0.002713 0.435000 96 228 176
-0.102913 0.002694 0.432000 125 0 212
-0.101324 0.002682 0.430000 125 12 240
-0.099512 0.002663 0.427000 101 1 16
-0.097716 0.002645 0.424000 40 216 240
-0.096163 0.002632 0.422000 44 216 252
-0.094620 0.002620 0.420000 52 225 4
-0.093088 0.002607 0.418000 80 237 12
-0.092006 0.002607 0.418000 236 228 214
-0.090707 0.002601 0.417000 238 224 166
-0.089413 0.002595 0.416000 1 114 84
-0.088337 0.002595 0.416000 246 214 150
-0.087051 0.002588 0.415000 252 220 156
-0.085977 0.002588 0.415000 254 222 154
-0.084698 0.002582 0.414000 250 220 146
-0.083627 0.002582 0.414000 252 218 144
-0.082357 0.002576 0.413000 252 218 140
-0.081288 0.002576 0.413000 254 220 142
-0.080219 0.002576 0.413000 244 210 128
-0.078959 0.002570 0.412000 9 110 59
-0.077893 0.002570 0.412000 23 105 29
-0.076827 0.002570 0.412000 31 113 37
-0.075761 0.002570 0.412000 80 165 30
-0.074695 0.002570 0.412000 127 230 42
-0.073628 0.002570 0.412000 127 236 15
-0.072562 0.002570 0.412000 127 255 11
-0.071496 0.002570 0.412000 127 251 5
-0.070430 0.002570 0.412000 127 255 2
-0.069364 0.002570 0.412000 126 253 0
-0.068298 0.002570 0.412000 126 255 0
-0.067232 0.002570 0.412000 126 255 0
-0.066327 0.002576 0.413000 126 255 0
-0.065258 0.002576 0.413000 126 255 0
-0.064189 0.002576 0.413000 126 255 0
-0.063121 0.002576 0.413000 127 255 4
-0.062052 0.002576 0.413000 127 255 5
-0.060983 0.002576 0.413000 127 255 18
-0.059915 0.002576 0.413000 127 255 33
-0.058846 0.002576 0.413000 127 255 52
-0.057777 0.002576 0.413000 127 255 69
-0.172414 0.003945 0.447000 138 160 156
-0.171258 0.003945 0.447000 144 166 162
-0.170101 0.003945 0.447000 156 172 170
-0.168945 0.003945 0.447000 152 174 170
-0.167788 0.003945 0.447000 152 168 166
-0.166631 0.003945 0.447000 136 158 154
-0.165475 0.003945 0.447000 142 168 162
-0.164318 0.003945 0.447000 142 168 158
-0.163161 0.003945 0.447000 144 170 160
-0.162367 0.003953 0.448000 150 162 158
-0.161208 0.003953 0.448000 142 154 150
-0.160049 0.003953 0.448000 142 158 156
-0.158889 0.003953 0.448000 140 156 154
-0.157730 0.003953 0.448000 148 164 162
-0.156571 0.003953 0.448000 142 154 154
-0.155412 0.003953 0.448000 148 148 152
-0.154253 0.003953 0.448000 146 152 150
-0.153435 0.003962 0.449000 142 148 146
-0.151934 0.003953 0.448000 140 154 142
-0.150775 0.003953 0.448000 146 154 144
-0.149616 0.003953 0.448000 146 154 140
-0.148456 0.003953 0.448000 140 154 138
-0.147297 0.003953 0.448000 140 154 138
-0.146138 0.003953 0.448000 156 172 166
-0.144979 0.003953 0.448000 208 190 196
-0.143820 0.003953 0.448000 160 160 148
-0.142660 0.003953 0.448000 148 148 136
-0.141501 0.003953 0.448000 128 146 128
-0.140342 0.003953 0.448000 140 158 140
-0.138872 0.003945 0.447000 134 152 138
-0.137715 0.003945 0.447000 130 152 144
-0.136253 0.003936 0.446000 134 156 148
-0.135099 0.003936 0.446000 134 150 144
-0.133945 0.003936 0.446000 134 156 148
-0.132493 0.003927 0.445000 132 154 150
-0.131342 0.003927 0.445000 125 49 28
-0.130190 0.003927 0.445000 125 49 28
-0.128749 0.003918 0.444000 144 168 148
-0.127600 0.003918 0.444000 142 160 142
-0.126451 0.003918 0.444000 142 160 142
-0.125302 0.003918 0.444000 136 154 136
-0.124153 0.003918 0.444000 150 168 150
-0.123005 0.003918 0.444000 144 158 142
-0.121581 0.003909 0.443000 144 160 138
-0.120435 0.003909 0.443000 138 154 132
-0.119289 0.003909 0.443000 130 146 124
-0.118142 0.003909 0.443000 128 146 128
-0.116996 0.003909 0.443000 125 32 252
-0.115850 0.003909 0.443000 121 20 244
-0.114703 0.003909 0.443000 121 20 244
-0.113301 0.003900 0.442000 125 24 248
-0.112157 0.003900 0.442000 128 142 126
-0.110511 0.003883 0.440000 125 28 240
-0.109124 0.003874 0.439000 125 28 240
-0.107742 0.003865 0.438000 113 4 204
-0.106122 0.003848 0.436000 104 240 176
-0.104753 0.003839 0.435000 104 240 176
-0.102913 0.003812 0.432000 116 240 172
-0.101324 0.003795 0.430000 104 240 176
-0.099512 0.003768 0.427000 88 220 204
-0.097716 0.003742 0.424000 60 216 232
-0.096163 0.003724 0.422000 48 216 244
-0.094620 0.003706 0.420000 56 224 252
-0.093088 0.003689 0.418000 84 241 8
-0.092006 0.003689 0.418000 218 200 190
-0.090707 0.003680 0.417000 226 210 158
-0.089413 0.003671 0.416000 0 121 90
-0.088125 0.003662 0.415000 238 226 154
-0.087051 0.003662 0.415000 242 230 158
-0.085770 0.003653 0.414000 242 220 148
-0.084698 0.003653 0.414000 1 110 67
-0.083425 0.003645 0.413000 9 111 51
-0.082357 0.003645 0.413000 18 111 15
-0.081288 0.003645 0.413000 22 115 19
-0.080219 0.003645 0.413000 75 165 28
-0.078959 0.003636 0.412000 107 200 13
-0.077893 0.003636 0.412000 127 246 22
-0.076827 0.003636 0.412000 127 245 21
-0.075761 0.003636 0.412000 127 252 6
-0.074695 0.003636 0.412000 127 255 2
-0.073628 0.003636 0.412000 126 255 0
-0.072562 0.003636 0.412000 126 255 0
-0.071496 0.003636 0.412000 126 255 0
-0.070430 0.003636 0.412000 126 255 0
-0.069364 0.003636 0.412000 126 255 0
-0.068298 0.003636 0.412000 126 255 0
-0.067232 0.003636 0.412000 126 255 0
-0.066327 0.003645 0.413000 126 255 0
-0.065258 0.003645 0.413000 126 255 0
-0.064189 0.003645 0.413000 126 255 0
-0.063121 0.003645 0.413000 127 255 6
-0.062052 0.003645 0.413000 127 255 8
-0.060983 0.003645 0.413000 127 255 41
-0.059915 0.003645 0.413000 127 255 72
-0.058988 0.003653 0.414000 127 255 87
-0.057777 0.003645 0.413000 127 255 94
-0.172029 0.005090 0.446000 156 172 170
-0.170875 0.005090 0.446000 150 172 168
-0.169721 0.005090 0.446000 154 170 164
-0.168567 0.005090 0.446000 150 166 160
-0.167413 0.005090 0.446000 152 168 162
-0.166259 0.005090 0.446000 144 170 168
-0.165104 0.005090 0.446000 125 65 68
-0.164318 0.005101 0.447000 148 178 168
-0.163161 0.005101 0.447000 140 170 160
-0.162005 0.005101 0.447000 144 166 158
-0.160848 0.005101 0.447000 148 164 158
-0.159691 0.005101 0.447000 150 164 152
-0.158535 0.005101 0.447000 154 168 156
-0.157378 0.005101 0.447000 154 168 156
-0.156222 0.005101 0.447000 154 160 158
-0.155065 0.005101 0.447000 154 154 154
-0.153908 0.005101 0.447000 146 152 150
-0.152752 0.005101 0.447000 144 150 148
-0.151595 0.005101 0.447000 150 156 154
-0.150438 0.005101 0.447000 156 164 154
-0.149282 0.005101 0.447000 154 162 152
-0.148125 0.005101 0.447000 154 162 152
-0.146968 0.005101 0.447000 150 158 148
-0.146138 0.005113 0.448000 146 154 144
-0.144655 0.005101 0.447000 148 156 146
-0.143499 0.005101 0.447000 146 152 150
-0.142342 0.005101 0.447000 144 166 158
-0.141185 0.005101 0.447000 136 158 150
-0.140029 0.005101 0.447000 134 158 142
-0.138561 0.005090 0.446000 132 150 136
-0.137407 0.005090 0.446000 136 152 146
-0.135948 0.005078 0.445000 138 154 148
-0.134796 0.005078 0.445000 134 150 144
-0.133645 0.005078 0.445000 138 160 152
-0.132196 0.005067 0.444000 134 160 150
-0.131047 0.005067 0.444000 134 160 150
-0.129898 0.005067 0.444000 138 164 154
-0.128749 0.005067 0.444000 138 166 148
-0.127600 0.005067 0.444000 142 160 146
-0.126166 0.005056 0.443000 142 160 146
-0.125020 0.005056 0.443000 142 156 144
-0.123874 0.005056 0.443000 156 170 158
-0.122727 0.005056 0.443000 160 168 154
-0.121581 0.005056 0.443000 156 166 146
-0.120163 0.005044 0.442000 150 160 140
-0.119019 0.005044 0.442000 138 148 128
-0.118142 0.005056 0.443000 138 148 128
-0.116732 0.005044 0.442000 142 152 132
-0.115588 0.005044 0.442000 140 150 130
-0.114445 0.005044 0.442000 146 150 132
-0.113301 0.005044 0.442000 154 158 140
-0.111903 0.005033 0.441000 136 140 122
-0.110762 0.005033 0.441000 130 146 124
-0.109124 0.005010 0.439000 128 144 122
-0.107742 0.004999 0.438000 132 142 122
-0.106365 0.004987 0.437000 125 16 216
-0.104753 0.004964 0.435000 109 0 200
-0.102913 0.004930 0.432000 104 244 172
-0.101088 0.004896 0.429000 84 228 136
-0.099279 0.004862 0.426000 76 220 136
-0.097716 0.004839 0.424000 84 220 176
-0.095935 0.004805 0.421000 92 224 200
-0.094620 0.004793 0.420000 108 240 216
-0.093088 0.004770 0.418000 134 128 118
-0.091786 0.004759 0.417000 178 144 108
-0.090707 0.004759 0.417000 4 109 77
-0.089413 0.004747 0.416000 4 111 67
-0.088125 0.004736 0.415000 16 124 55
-0.087051 0.004736 0.415000 15 123 54
-0.085770 0.004725 0.414000 10 120 68
-0.084698 0.004725 0.414000 30 123 48
-0.083425 0.004713 0.413000 48 139 10
-0.082357 0.004713 0.413000 98 192 18
-0.081288 0.004713 0.413000 127 223 49
-0.080025 0.004702 0.412000 127 234 28
-0.078959 0.004702 0.412000 127 248 12
-0.077893 0.004702 0.412000 127 253 4
-0.076827 0.004702 0.412000 126 255 2
-0.075761 0.004702 0.412000 126 255 2
-0.074695 0.004702 0.412000 126 255 0
-0.073628 0.004702 0.412000 126 255 0
-0.072562 0.004702 0.412000 126 255 0
-0.071496 0.004702 0.412000 126 255 0
-0.070430 0.004702 0.412000 127 255 4
-0.069364 0.004702 0.412000 125 255 2
-0.068298 0.004702 0.412000 125 255 0
-0.067395 0.004713 0.413000 125 255 0
-0.066327 0.004713 0.413000 125 255 0
-0.065258 0.004713 0.413000 125 255 0
-0.064189 0.004713 0.413000 127 255 12
-0.063121 0.004713 0.413000 127 254 56
-0.171643 0.006230 0.445000 144 166 162
-0.170492 0.006230 0.445000 150 162 162
-0.169721 0.006244 0.446000 152 164 164
-0.168189 0.006230 0.445000 152 164 164
-0.167413 0.006244 0.446000 152 168 166
-0.166259 0.006244 0.446000 146 170 174
-0.165104 0.006244 0.446000 132 170 174
-0.163950 0.006244 0.446000 142 178 174
-0.162796 0.006244 0.446000 134 170 166
-0.161642 0.006244 0.446000 134 170 158
-0.160488 0.006244 0.446000 146 172 162
-0.159334 0.006244 0.446000 144 166 158
-0.158180 0.006244 0.446000 154 166 162
-0.157026 0.006244 0.446000 154 166 162
-0.155872 0.006244 0.446000 152 164 160
-0.154718 0.006244 0.446000 150 162 158
-0.153564 0.006244 0.446000 146 158 158
-0.152410 0.006244 0.446000 150 162 162
-0.151256 0.006244 0.446000 152 164 160
-0.150102 0.006244 0.446000 150 162 158
-0.148948 0.006244 0.446000 154 162 152
-0.147794 0.006244 0.446000 150 162 158
-0.146640 0.006244 0.446000 150 162 158
-0.145486 0.006244 0.446000 146 158 154
-0.144332 0.006244 0.446000 154 166 162
-0.143177 0.006244 0.446000 144 156 152
-0.142023 0.006244 0.446000 148 164 158
-0.140869 0.006244 0.446000 142 158 152
-0.139402 0.006230 0.445000 144 160 154
-0.138251 0.006230 0.445000 148 164 158
-0.137099 0.006230 0.445000 150 166 160
-0.135948 0.006230 0.445000 156 172 166
-0.134493 0.006216 0.444000 140 154 142
-0.133344 0.006216 0.444000 134 156 148
-0.132196 0.006216 0.444000 132 158 148
-0.130752 0.006202 0.443000 142 168 158
-0.129605 0.006202 0.443000 136 162 152
-0.128459 0.006202 0.443000 136 164 146
-0.127313 0.006202 0.443000 138 162 146
-0.125882 0.006188 0.442000 144 168 152
-0.124738 0.006188 0.442000 140 164 148
-0.123594 0.006188 0.442000 144 168 152
-0.122450 0.006188 0.442000 160 168 154
-0.121032 0.006174 0.441000 154 164 144
-0.120163 0.006188 0.442000 154 164 144
-0.119019 0.006188 0.442000 146 150 128
-0.117876 0.006188 0.442000 146 150 128
-0.116468 0.006174 0.441000 150 154 128
-0.115588 0.006188 0.442000 152 156 130
-0.114186 0.006174 0.441000 154 156 130
-0.113045 0.006174 0.441000 158 154 130
-0.111903 0.006174 0.441000 154 150 126
-0.110511 0.006160 0.440000 144 148 126
-0.109124 0.006146 0.439000 134 144 124
-0.107496 0.006118 0.437000 134 144 120
-0.106122 0.006104 0.436000 132 142 114
-0.104512 0.006076 0.434000 125 16 216
-0.102913 0.006048 0.432000 109 4 192
-0.101088 0.006006 0.429000 96 252 156
-0.094395 0.005866 0.419000 172 136 72
-0.092865 0.005838 0.417000 162 126 62
-0.091566 0.005824 0.416000 218 158 66
-0.090490 0.005824 0.416000 27 115 48
-0.089198 0.005810 0.415000 41 131 34
-0.087912 0.005796 0.414000 68 163 25
-0.086841 0.005796 0.414000 87 182 44
-0.085770 0.005796 0.414000 122 223 49
-0.084494 0.005782 0.413000 127 243 26
-0.083425 0.005782 0.413000 127 245 4
-0.082157 0.005768 0.412000 127 255 6
-0.081091 0.005768 0.412000 127 252 3
-0.080025 0.005768 0.412000 127 254 4
-0.078959 0.005768 0.412000 126 255 2
-0.077893 0.005768 0.412000 126 255 2
-0.076827 0.005768 0.412000 127 255 8
-0.075761 0.005768 0.412000 127 255 10
-0.074695 0.005768 0.412000 125 255 8
-0.073628 0.005768 0.412000 127 255 8
-0.072562 0.005768 0.412000 127 255 10
-0.071496 0.005768 0.412000 127 255 11
-0.070601 0.005782 0.413000 127 255 18
-0.069533 0.005782 0.413000 123 255 14
-0.068464 0.005782 0.413000 123 255 6
-0.067395 0.005782 0.413000 123 255 4
-0.066327 0.005782 0.413000 126 255 7
-0.065258 0.005782 0.413000 127 255 34
-0.064189 0.005782 0.413000 127 255 70
-0.063121 0.005782 0.413000 127 255 89
-0.170492 0.007381 0.445000 144 160 158
-0.169340 0.007381 0.445000 150 166 164
-0.168189 0.007381 0.445000 156 172 170
-0.167037 0.007381 0.445000 148 170 170
-0.165886 0.007381 0.445000 154 176 176
-0.164734 0.007381 0.445000 142 170 174
-0.163583 0.007381 0.445000 144 174 172
-0.162431 0.007381 0.445000 142 172 170
-0.161280 0.007381 0.445000 144 174 172
-0.160128 0.007381 0.445000 144 174 172
-0.158977 0.007381 0.445000 142 168 166
-0.157825 0.007381 0.445000 158 174 172
-0.156674 0.007381 0.445000 158 174 172
-0.155523 0.007381 0.445000 146 158 158
-0.154371 0.007381 0.445000 152 164 164
-0.153220 0.007381 0.445000 152 164 164
-0.152068 0.007381 0.445000 156 168 168
-0.150917 0.007381 0.445000 154 166 166
-0.149765 0.007381 0.445000 152 164 160
-0.148614 0.007381 0.445000 152 164 160
-0.147462 0.007381 0.445000 148 170 162
-0.146311 0.007381 0.445000 144 166 158
-0.145159 0.007381 0.445000 136 162 156
-0.144008 0.007381 0.445000 146 168 164
-0.142856 0.007381 0.445000 150 166 160
-0.141705 0.007381 0.445000 152 168 162
-0.140238 0.007365 0.444000 150 166 160
-0.139089 0.007365 0.444000 156 168 164
-0.137940 0.007365 0.444000 152 168 162
-0.136791 0.007365 0.444000 154 170 164
-0.135642 0.007365 0.444000 154 170 164
-0.134190 0.007348 0.443000 150 166 160
-0.133044 0.007348 0.443000 148 164 158
-0.131898 0.007348 0.443000 140 162 154
-0.130456 0.007332 0.442000 140 162 154
-0.129313 0.007332 0.442000 138 162 146
-0.128169 0.007332 0.442000 138 162 146
-0.127025 0.007332 0.442000 142 160 146
-0.125882 0.007332 0.442000 144 168 152
-0.124456 0.007315 0.441000 144 168 152
-0.123315 0.007315 0.441000 148 172 156
-0.122173 0.007315 0.441000 156 170 154
-0.121032 0.007315 0.441000 154 168 152
-0.119891 0.007315 0.441000 152 168 146
-0.118750 0.007315 0.441000 144 148 126
-0.117609 0.007315 0.441000 146 150 128
-0.116468 0.007315 0.441000 150 154 128
-0.115327 0.007315 0.441000 152 156 130
-0.113927 0.007298 0.440000 152 156 134
-0.112532 0.007282 0.439000 156 158 136
-0.111396 0.007282 0.439000 156 158 136
-0.110009 0.007265 0.438000 160 156 136
-0.108378 0.007232 0.436000 150 152 130
-0.107004 0.007215 0.435000 144 148 116
-0.105392 0.007182 0.433000 152 150 116
-0.103549 0.007133 0.430000 160 146 112
-0.095479 0.006950 0.419000 49 142 0
-0.093944 0.006917 0.417000 106 205 23
-0.092643 0.006900 0.416000 121 220 38
-0.091346 0.006884 0.415000 127 240 36
-0.090272 0.006884 0.415000 127 241 21
-0.088983 0.006867 0.414000 127 253 16
-0.087700 0.006851 0.413000 127 255 12
-0.086631 0.006851 0.413000 127 255 10
-0.085562 0.006851 0.413000 127 254 6
-0.084494 0.006851 0.413000 126 255 6
-0.083223 0.006834 0.412000 126 255 2
-0.082157 0.006834 0.412000 126 255 2
-0.081091 0.006834 0.412000 127 255 4
-0.080025 0.006834 0.412000 127 255 11
-0.078767 0.006817 0.411000 127 255 8
-0.077704 0.006817 0.411000 127 255 13
-0.076827 0.006834 0.412000 127 255 18
-0.075761 0.006834 0.412000 127 255 18
-0.074695 0.006834 0.412000 123 254 16
-0.073628 0.006834 0.412000 125 255 14
-0.072562 0.006834 0.412000 125 255 14
-0.071496 0.006834 0.412000 127 255 16
-0.070430 0.006834 0.412000 127 255 20
-0.069364 0.006834 0.412000 127 255 24
-0.068298 0.006834 0.412000 123 255 22
-0.067395 0.006851 0.413000 125 255 26
-0.066166 0.006834 0.412000 126 255 27
-0.168960 0.008514 0.444000 138 162 166
-0.167811 0.008514 0.444000 148 172 176
-0.166662 0.008514 0.444000 150 174 178
-0.165513 0.008514 0.444000 158 180 180
-0.164364 0.008514 0.444000 154 176 176
-0.163215 0.008514 0.444000 150 162 166
-0.162066 0.008514 0.444000 158 170 174
-0.160917 0.008514 0.444000 152 168 166
-0.159769 0.008514 0.444000 146 168 164
-0.158620 0.008514 0.444000 148 174 168
-0.157471 0.008514 0.444000 148 174 168
-0.156322 0.008514 0.444000 150 176 170
-0.155173 0.008514 0.444000 146 172 166
-0.154024 0.008514 0.444000 154 166 166
-0.152875 0.008514 0.444000 158 164 166
-0.151726 0.008514 0.444000 160 166 168
-0.150578 0.008514 0.444000 160 166 168
-0.149429 0.008514 0.444000 158 164 166
-0.148280 0.008514 0.444000 152 168 166
-0.147131 0.008514 0.444000 148 174 168
-0.145982 0.008514 0.444000 144 170 164
-0.144833 0.008514 0.444000 138 164 158
-0.143684 0.008514 0.444000 144 170 164
-0.142535 0.008514 0.444000 148 170 162
-0.141387 0.008514 0.444000 154 166 162
-0.140238 0.008514 0.444000 150 162 158
-0.138776 0.008494 0.443000 160 166 168
-0.137629 0.008494 0.443000 158 164 166
-0.136483 0.008494 0.443000 156 168 164
-0.135337 0.008494 0.443000 158 164 162
-0.133887 0.008475 0.442000 156 162 160
-0.132744 0.008475 0.442000 158 164 162
-0.131600 0.008475 0.442000 156 162 160
-0.130161 0.008456 0.441000 150 164 152
-0.129020 0.008456 0.441000 154 168 152
-0.127879 0.008456 0.441000 166 180 164
-0.126738 0.008456 0.441000 154 174 146
-0.125597 0.008456 0.441000 152 172 144
-0.124456 0.008456 0.441000 156 176 152
-0.123035 0.008437 0.440000 150 170 146
-0.121896 0.008437 0.440000 154 174 150
-0.120758 0.008437 0.440000 154 168 152
-0.119891 0.008456 0.441000 156 166 146
-0.118750 0.008456 0.441000 150 160 136
-0.117609 0.008456 0.441000 148 158 134
-0.116204 0.008437 0.440000 154 158 136
-0.115065 0.008437 0.440000 150 152 130
-0.113668 0.008418 0.439000 154 158 136
-0.112275 0.008399 0.438000 162 166 144
-0.111142 0.008399 0.438000 164 168 146
-0.109506 0.008360 0.436000 168 172 146
-0.107633 0.008303 0.433000 184 174 138
-0.102826 0.008188 0.427000 29 122 0
-0.101007 0.008130 0.424000 236 174 88
-0.099674 0.008111 0.423000 17 103 3
-0.097880 0.008053 0.420000 76 167 21
-0.096333 0.008015 0.418000 127 227 45
-0.095023 0.007996 0.417000 127 244 34
-0.093719 0.007977 0.416000 127 244 11
-0.092197 0.007938 0.414000 127 245 12
-0.091126 0.007938 0.414000 127 249 8
-0.090055 0.007938 0.414000 127 253 6
-0.088768 0.007919 0.413000 127 254 4
-0.087700 0.007919 0.413000 126 255 2
-0.086421 0.007900 0.412000 126 255 2
-0.085355 0.007900 0.412000 127 255 4
-0.084289 0.007900 0.412000 126 255 4
-0.083021 0.007881 0.411000 126 255 2
-0.081958 0.007881 0.411000 127 255 8
-0.081091 0.007900 0.412000 127 255 10
-0.079831 0.007881 0.411000 127 255 22
-0.078767 0.007881 0.411000 127 255 24
-0.077893 0.007900 0.412000 127 255 26
-0.076640 0.007881 0.411000 127 255 28
-0.075761 0.007900 0.412000 127 255 28
-0.074695 0.007900 0.412000 125 255 24
-0.073628 0.007900 0.412000 125 255 20
-0.072562 0.007900 0.412000 126 255 19
-0.071496 0.007900 0.412000 127 255 20
-0.070430 0.007900 0.412000 127 255 43
-0.167433 0.009641 0.443000 148 172 176
-0.166286 0.009641 0.443000 152 176 180
-0.165140 0.009641 0.443000 158 180 180
-0.163994 0.009641 0.443000 158 174 176
-0.162848 0.009641 0.443000 140 152 152
-0.161701 0.009641 0.443000 160 172 172
-0.160555 0.009641 0.443000 154 166 166
-0.159409 0.009641 0.443000 152 168 166
-0.158262 0.009641 0.443000 152 174 170
-0.157116 0.009641 0.443000 148 174 168
-0.155970 0.009641 0.443000 152 178 172
-0.154824 0.009641 0.443000 148 174 168
-0.153677 0.009641 0.443000 148 164 162
-0.152531 0.009641 0.443000 158 164 166
-0.151385 0.009641 0.443000 170 168 168
-0.150238 0.009641 0.443000 164 162 162
-0.148756 0.009619 0.442000 162 162 162
-0.147946 0.009641 0.443000 154 166 162
-0.146800 0.009641 0.443000 150 166 164
-0.145653 0.009641 0.443000 152 168 166
-0.144507 0.009641 0.443000 154 170 168
-0.143037 0.009619 0.442000 158 176 162
-0.141893 0.009619 0.442000 160 168 158
-0.140750 0.009619 0.442000 162 170 160
-0.139606 0.009619 0.442000 160 168 158
-0.138462 0.009619 0.442000 160 168 158
-0.137319 0.009619 0.442000 152 166 154
-0.136175 0.009619 0.442000 158 176 162
-0.134726 0.009597 0.441000 150 164 152
-0.133585 0.009597 0.441000 152 166 154
-0.132443 0.009597 0.441000 154 166 162
-0.131302 0.009597 0.441000 150 164 152
-0.130161 0.009597 0.441000 154 168 152
-0.128728 0.009575 0.440000 196 192 172
-0.127879 0.009597 0.441000 202 198 178
-0.126450 0.009575 0.440000 174 170 150
-0.125312 0.009575 0.440000 162 172 152
-0.124173 0.009575 0.440000 160 168 154
-0.123035 0.009575 0.440000 156 170 154
-0.121619 0.009554 0.439000 154 168 152
-0.120483 0.009554 0.439000 156 170 154
-0.119347 0.009554 0.439000 158 168 148
-0.118212 0.009554 0.439000 148 158 138
-0.117076 0.009554 0.439000 146 156 136
-0.115676 0.009532 0.438000 160 164 146
-0.114281 0.009510 0.437000 154 156 130
-0.112891 0.009488 0.436000 160 162 136
-0.112019 0.009510 0.437000 174 178 142
-0.100292 0.009162 0.421000 127 252 16
-0.098732 0.009118 0.419000 127 248 12
-0.097414 0.009097 0.418000 125 246 0
-0.095872 0.009053 0.416000 127 252 3
-0.094568 0.009031 0.415000 127 255 2
-0.093268 0.009010 0.414000 127 255 2
-0.092197 0.009010 0.414000 127 255 2
-0.090906 0.008988 0.413000 126 255 0
-0.089837 0.008988 0.413000 126 255 0
-0.088768 0.008988 0.413000 126 255 0
-0.087487 0.008966 0.412000 126 255 0
-0.086421 0.008966 0.412000 126 255 0
-0.085355 0.008966 0.412000 127 255 4
-0.084289 0.008966 0.412000 127 255 8
-0.083021 0.008944 0.411000 125 255 6
-0.081958 0.008944 0.411000 127 255 20
-0.080894 0.008944 0.411000 127 255 21
-0.079831 0.008944 0.411000 127 255 33
-0.078767 0.008944 0.411000 125 255 34
-0.077893 0.008966 0.412000 125 255 34
-0.076827 0.008966 0.412000 125 255 34
-0.075761 0.008966 0.412000 125 255 34
-0.074695 0.008966 0.412000 124 255 33
-0.073628 0.008966 0.412000 124 255 33
-0.072562 0.008966 0.412000 124 255 23
-0.071496 0.008966 0.412000 125 255 24
-0.165911 0.010763 0.442000 150 176 174
-0.164767 0.010763 0.442000 148 170 166
-0.163624 0.010763 0.442000 156 182 176
-0.162480 0.010763 0.442000 150 176 170
-0.161336 0.010763 0.442000 166 182 180
-0.160193 0.010763 0.442000 162 178 176
-0.159049 0.010763 0.442000 152 168 166
-0.157905 0.010763 0.442000 152 168 170
-0.156762 0.010763 0.442000 148 170 170
-0.155618 0.010763 0.442000 148 170 170
-0.154474 0.010763 0.442000 146 168 168
-0.153330 0.010763 0.442000 154 166 166
-0.151842 0.010738 0.441000 162 166 148
-0.150701 0.010738 0.441000 162 164 152
-0.149560 0.010738 0.441000 166 168 156
-0.148419 0.010738 0.441000 158 164 162
-0.147278 0.010738 0.441000 156 168 164
-0.146137 0.010738 0.441000 150 166 160
-0.144996 0.010738 0.441000 150 166 160
-0.143855 0.010738 0.441000 152 168 162
-0.142713 0.010738 0.441000 156 170 158
-0.141572 0.010738 0.441000 158 166 152
-0.140431 0.010738 0.441000 160 168 154
-0.139290 0.010738 0.441000 156 164 150
-0.138149 0.010738 0.441000 154 168 152
-0.136697 0.010714 0.440000 144 162 148
-0.135559 0.010714 0.440000 156 174 160
-0.134420 0.010714 0.440000 152 170 152
-0.133282 0.010714 0.440000 154 172 154
-0.132143 0.010714 0.440000 156 170 158
-0.131005 0.010714 0.440000 152 166 150
-0.129866 0.010714 0.440000 152 170 152
-0.128728 0.010714 0.440000 164 174 150
-0.127589 0.010714 0.440000 172 182 158
-0.126450 0.010714 0.440000 174 176 154
-0.125312 0.010714 0.440000 176 178 160
-0.123891 0.010690 0.439000 162 166 148
-0.122755 0.010690 0.439000 164 174 154
-0.121342 0.010665 0.438000 158 168 148
-0.119934 0.010641 0.437000 154 170 148
-0.118804 0.010641 0.437000 154 170 148
-0.117673 0.010641 0.437000 164 168 142
-0.109112 0.010470 0.430000 98 198 58
-0.100900 0.010203 0.419000 126 255 0
-0.099339 0.010154 0.417000 126 255 0
-0.098025 0.010130 0.416000 126 255 0
-0.096482 0.010081 0.414000 126 255 0
-0.095411 0.010081 0.414000 126 255 0
-0.094112 0.010057 0.413000 126 255 0
-0.093043 0.010057 0.413000 126 255 0
-0.091974 0.010057 0.413000 126 255 0
-0.090906 0.010057 0.413000 126 255 0
-0.089620 0.010032 0.412000 126 255 0
-0.088554 0.010032 0.412000 126 255 0
-0.087487 0.010032 0.412000 126 255 0
-0.086212 0.010008 0.411000 127 255 4
-0.085148 0.010008 0.411000 127 255 5
-0.084085 0.010008 0.411000 127 255 8
-0.083021 0.010008 0.411000 127 255 10
-0.081958 0.010008 0.411000 127 255 24
-0.080894 0.010008 0.411000 127 255 24
-0.079831 0.010008 0.411000 127 255 33
-0.078767 0.010008 0.411000 126 255 37
-0.077893 0.010032 0.412000 125 255 36
-0.076827 0.010032 0.412000 126 255 39
-0.075761 0.010032 0.412000 127 255 40
-0.163254 0.011879 0.441000 160 182 178
-0.162112 0.011879 0.441000 158 180 176
-0.160971 0.011879 0.441000 168 180 176
-0.159830 0.011879 0.441000 164 176 172
-0.158689 0.011879 0.441000 154 166 166
-0.157548 0.011879 0.441000 156 168 172
-0.156407 0.011879 0.441000 152 168 170
-0.155266 0.011879 0.441000 148 164 166
-0.153775 0.011853 0.440000 148 170 170
-0.152637 0.011853 0.440000 216 216 220
-0.151498 0.011853 0.440000 7 131 120
-0.150360 0.011853 0.440000 164 166 158
-0.149221 0.011853 0.440000 164 166 158
-0.148082 0.011853 0.440000 152 164 164
-0.146944 0.011853 0.440000 154 170 164
-0.145805 0.011853 0.440000 148 170 162
-0.144667 0.011853 0.440000 150 172 164
-0.143528 0.011853 0.440000 148 170 162
-0.142390 0.011853 0.440000 152 168 162
-0.141251 0.011853 0.440000 152 164 160
-0.140113 0.011853 0.440000 146 160 148
-0.138974 0.011853 0.440000 152 170 156
-0.137836 0.011853 0.440000 152 170 156
-0.136387 0.011826 0.439000 144 162 148
-0.135251 0.011826 0.439000 152 170 156
-0.134115 0.011826 0.439000 144 162 148
-0.132979 0.011826 0.439000 152 170 156
-0.131843 0.011826 0.439000 156 174 156
-0.130707 0.011826 0.439000 144 168 148
-0.129571 0.011826 0.439000 144 172 150
-0.128435 0.011826 0.439000 152 170 156
-0.127299 0.011826 0.439000 166 184 170
-0.126163 0.011826 0.439000 168 176 166
-0.125027 0.011826 0.439000 178 180 168
-0.123891 0.011826 0.439000 170 172 150
-0.122755 0.011826 0.439000 184 180 156
-0.121065 0.011772 0.437000 182 178 154
-0.119660 0.011745 0.436000 252 248 202
-0.103904 0.011260 0.418000 127 255 2
-0.102330 0.011206 0.416000 127 254 1
-0.100767 0.011152 0.414000 126 255 0
-0.099696 0.011152 0.414000 126 255 0
-0.098386 0.011125 0.413000 126 255 0
-0.097318 0.011125 0.413000 126 255 0
-0.096016 0.011098 0.412000 126 255 0
-0.094950 0.011098 0.412000 126 255 0
-0.093884 0.011098 0.412000 126 255 0
-0.093043 0.011125 0.413000 126 255 0
-0.091752 0.011098 0.412000 126 255 0
-0.090686 0.011098 0.412000 126 255 0
-0.089620 0.011098 0.412000 127 255 7
-0.088554 0.011098 0.412000 127 255 15
-0.087275 0.011071 0.411000 127 255 17
-0.086212 0.011071 0.411000 126 255 17
-0.085148 0.011071 0.411000 126 255 17
-0.084085 0.011071 0.411000 127 255 20
-0.083021 0.011071 0.411000 127 255 31
-0.081958 0.011071 0.411000 126 255 39
-0.080894 0.011071 0.411000 126 255 39
-0.079831 0.011071 0.411000 127 255 44
-0.078767 0.011071 0.411000 126 255 48
-0.077704 0.011071 0.411000 126 255 48
-0.160241 0.012962 0.439000 162 178 176
-0.159105 0.012962 0.439000 156 172 170
-0.157969 0.012962 0.439000 154 166 166
-0.157191 0.012991 0.440000 154 170 168
-0.156052 0.012991 0.440000 146 168 164
-0.154914 0.012991 0.440000 150 176 174
-0.153426 0.012962 0.439000 146 172 170
-0.152290 0.012962 0.439000 174 180 186
-0.151154 0.012962 0.439000 176 176 180
-0.150018 0.012962 0.439000 160 166 168
-0.148882 0.012962 0.439000 164 170 172
-0.147746 0.012962 0.439000 156 168 164
-0.146610 0.012962 0.439000 148 164 158
-0.145474 0.012962 0.439000 144 170 160
-0.144338 0.012962 0.439000 150 176 166
-0.143202 0.012962 0.439000 148 174 164
-0.142066 0.012962 0.439000 138 164 154
-0.140930 0.012962 0.439000 144 166 158
-0.139794 0.012962 0.439000 144 166 162
-0.138658 0.012962 0.439000 148 170 162
-0.137522 0.012962 0.439000 146 168 160
-0.136387 0.012962 0.439000 146 170 154
-0.135251 0.012962 0.439000 146 170 154
-0.134115 0.012962 0.439000 144 162 148
-0.132979 0.012962 0.439000 152 170 156
-0.131843 0.012962 0.439000 156 174 160
-0.130707 0.012962 0.439000 150 168 150
-0.129571 0.012962 0.439000 146 174 152
-0.128435 0.012962 0.439000 158 182 166
-0.127299 0.012962 0.439000 160 184 168
-0.126163 0.012962 0.439000 164 182 168
-0.125027 0.012962 0.439000 170 178 164
-0.123891 0.012962 0.439000 176 180 162
-0.098973 0.012135 0.411000 125 255 0
-0.097910 0.012135 0.411000 125 255 0
-0.096846 0.012135 0.411000 125 255 0
-0.095783 0.012135 0.411000 125 255 0
-0.094950 0.012164 0.412000 127 255 3
-0.093884 0.012164 0.412000 127 255 15
-0.092818 0.012164 0.412000 126 255 17
-0.091752 0.012164 0.412000 127 255 22
-0.090686 0.012164 0.412000 127 255 22
-0.089620 0.012164 0.412000 127 255 27
-0.088554 0.012164 0.412000 127 255 28
-0.087275 0.012135 0.411000 127 255 28
-0.086212 0.012135 0.411000 126 255 25
-0.085148 0.012135 0.411000 126 255 23
-0.084085 0.012135 0.411000 127 255 25
-0.083021 0.012135 0.411000 126 255 37
-0.158743 0.014065 0.438000 154 176 172
-0.157610 0.014065 0.438000 150 172 168
-0.156476 0.014065 0.438000 152 174 170
-0.155343 0.014065 0.438000 148 170 166
-0.154210 0.014065 0.438000 150 172 168
-0.153076 0.014065 0.438000 144 166 162
-0.151943 0.014065 0.438000 158 168 178
-0.150809 0.014065 0.438000 164 170 176
-0.149676 0.014065 0.438000 158 164 166
-0.148543 0.014065 0.438000 158 170 170
-0.147073 0.014033 0.437000 152 164 164
-0.145942 0.014033 0.437000 146 168 160
-0.145143 0.014065 0.438000 144 170 164
-0.143681 0.014033 0.437000 150 176 170
-0.142550 0.014033 0.437000 148 174 168
-0.141419 0.014033 0.437000 144 170 160
-0.140288 0.014033 0.437000 150 166 160
-0.139476 0.014065 0.438000 140 162 158
-0.138343 0.014065 0.438000 142 168 162
-0.137209 0.014065 0.438000 146 172 166
-0.136076 0.014065 0.438000 146 168 160
-0.134943 0.014065 0.438000 154 168 156
-0.133809 0.014065 0.438000 160 174 158
-0.132676 0.014065 0.438000 154 170 148
-0.131542 0.014065 0.438000 158 174 152
-0.130707 0.014097 0.439000 184 194 170
-0.129571 0.014097 0.439000 10 132 119
-0.128435 0.014097 0.439000 166 168 150
-0.127299 0.014097 0.439000 174 176 158
-0.113609 0.013680 0.426000 126 255 2
-0.104037 0.013166 0.410000 127 255 4
-0.099307 0.013102 0.408000 125 255 0
-0.098492 0.013134 0.409000 125 255 0
-0.097672 0.013166 0.410000 127 255 2
-0.096611 0.013166 0.410000 125 255 0
-0.095550 0.013166 0.410000 125 255 0
-0.094720 0.013198 0.411000 127 255 8
-0.093656 0.013198 0.411000 127 255 22
-0.092593 0.013198 0.411000 127 255 26
-0.091529 0.013198 0.411000 127 255 26
-0.090686 0.013230 0.412000 127 255 26
-0.089402 0.013198 0.411000 127 255 29
-0.088339 0.013198 0.411000 127 255 28
-0.087275 0.013198 0.411000 127 255 28
-0.086212 0.013198 0.411000 124 255 27
-0.156119 0.015164 0.437000 146 172 162
-0.154988 0.015164 0.437000 144 170 164
-0.153857 0.015164 0.437000 148 174 172
-0.152727 0.015164 0.437000 152 178 176
-0.151596 0.015164 0.437000 152 174 174
-0.150465 0.015164 0.437000 158 174 176
-0.149334 0.015164 0.437000 144 160 162
-0.147864 0.015129 0.436000 156 172 170
-0.146736 0.015129 0.436000 150 166 164
-0.145608 0.015129 0.436000 146 168 168
-0.144480 0.015129 0.436000 148 170 170
-0.143352 0.015129 0.436000 140 162 162
-0.142224 0.015129 0.436000 158 170 170
-0.141095 0.015129 0.436000 156 168 168
-0.139967 0.015129 0.436000 158 164 162
-0.139157 0.015164 0.437000 160 166 164
-0.138027 0.015164 0.437000 154 166 162
-0.136896 0.015164 0.437000 154 166 162
-0.135765 0.015164 0.437000 156 168 164
-0.134634 0.015164 0.437000 150 162 158
-0.133504 0.015164 0.437000 158 182 166
-0.132676 0.015199 0.438000 174 184 156
-0.131542 0.015199 0.438000 178 188 160
-0.110942 0.014435 0.416000 126 255 0
-0.108545 0.014262 0.411000 126 255 0
-0.103022 0.014088 0.406000 126 255 0
-0.099307 0.014158 0.408000 125 255 0
-0.098492 0.014192 0.409000 125 255 0
-0.097672 0.014227 0.410000 125 255 0
-0.096611 0.014227 0.410000 125 255 0
-0.095783 0.014262 0.411000 127 255 3
-0.094720 0.014262 0.411000 126 255 15
-0.093656 0.014262 0.411000 126 255 19
-0.092818 0.014296 0.412000 127 255 22
-0.091529 0.014262 0.411000 127 255 38
-0.090686 0.014296 0.412000 127 255 38
-0.089402 0.014262 0.411000 125 255 40
-0.148651 0.016220 0.435000 142 158 160
-0.147525 0.016220 0.435000 154 170 172
-0.146400 0.016220 0.435000 152 168 170
-0.145274 0.016220 0.435000 146 168 168
-0.144149 0.016220 0.435000 148 168 174
-0.143023 0.016220 0.435000 142 158 160
-0.141897 0.016220 0.435000 160 172 172
-0.140772 0.016220 0.435000 160 172 172
-0.139967 0.016257 0.436000 158 164 162
-0.138839 0.016257 0.436000 162 168 166
-0.137711 0.016257 0.436000 152 164 160
-0.136583 0.016257 0.436000 154 166 162
-0.135765 0.016295 0.437000 150 162 158
-0.134634 0.016295 0.437000 150 162 158
-0.133504 0.016295 0.437000 158 176 162
-0.106174 0.015139 0.406000 125 255 0
-0.105123 0.015139 0.406000 125 255 0
-0.104073 0.015139 0.406000 125 255 0
-0.102223 0.015176 0.407000 125 255 0
-0.101170 0.015176 0.407000 125 255 0
-0.147186 0.017306 0.434000 152 164 168
-0.146063 0.017306 0.434000 154 166 170
-0.144940 0.017306 0.434000 150 162 166
-0.144149 0.017346 0.435000 152 164 168
-0.143023 0.017346 0.435000 152 168 170
-0.141897 0.017346 0.435000 152 164 164
-0.140772 0.017346 0.435000 156 168 168
-0.139646 0.017346 0.435000 194 210 208
-0.138521 0.017346 0.435000 2 139 130
-0.137711 0.017386 0.436000 156 174 156
-0.136583 0.017386 0.436000 152 170 152
-0.135455 0.017386 0.436000 144 162 148
-0.134326 0.017386 0.436000 152 164 160
-0.103276 0.016229 0.407000 125 255 0
-0.141571 0.018429 0.434000 142 158 156
-0.140448 0.018429 0.434000 144 160 158
-0.139646 0.018471 0.435000 224 246 242
-0.138521 0.018471 0.435000 18 153 145
-0.137395 0.018471 0.435000 156 170 154
